sensor_id,timestamp,temperature,humidity,location,sensor_type
1077,2025-04-05 18:26:42,31.46,35.47,BuildingA_Floor2,TypeC
1040,2025-04-07 08:33:49,17.95,71.76,BuildingA_Floor1,TypeC
1090,2025-04-05 16:43:40,25.74,30.8,BuildingB_Floor1,TypeC
1018,2025-04-05 19:32:38,30.25,79.42,BuildingA_Floor1,TypeB
1021,2025-04-03 17:14:17,31.66,78.87,BuildingA_Floor1,TypeC
1031,2025-04-05 06:11:50,17.41,55.15,BuildingB_Floor2,TypeB
1097,2025-04-05 13:59:36,34.65,70.31,BuildingA_Floor1,TypeC
1099,2025-04-08 05:11:07,21.18,59.56,BuildingA_Floor2,TypeC
1096,2025-04-06 11:33:31,22.59,41.07,BuildingB_Floor2,TypeC
1091,2025-04-05 04:31:45,23.35,70.52,BuildingA_Floor1,TypeC
1094,2025-04-04 18:05:46,19.04,62.8,BuildingA_Floor2,TypeB
1005,2025-04-05 00:58:16,31.03,39.59,BuildingB_Floor1,TypeA
1021,2025-04-07 06:11:49,15.77,59.05,BuildingB_Floor2,TypeB
1028,2025-04-07 11:40:48,17.27,30.55,BuildingB_Floor2,TypeA
1065,2025-04-07 14:54:03,15.13,75.13,BuildingA_Floor1,TypeA
1082,2025-04-05 09:16:05,29.02,44.55,BuildingB_Floor1,TypeB
1068,2025-04-05 06:09:51,31.61,68.62,BuildingB_Floor2,TypeA
1054,2025-04-06 14:55:38,23.41,30.88,BuildingB_Floor1,TypeC
1027,2025-04-03 23:37:56,26.53,77.13,BuildingA_Floor1,TypeA
1089,2025-04-05 22:06:03,21.97,68.92,BuildingB_Floor2,TypeC
1017,2025-04-03 18:46:54,24.98,70.36,BuildingB_Floor1,TypeA
1076,2025-04-07 06:53:20,24.34,53.37,BuildingA_Floor2,TypeC
1014,2025-04-06 20:08:44,23.94,44.26,BuildingA_Floor2,TypeA
1042,2025-04-06 10:39:31,21.53,60.82,BuildingA_Floor2,TypeB
1056,2025-04-06 22:53:38,24.59,31.79,BuildingA_Floor1,TypeB
1010,2025-04-08 00:48:11,21.14,64.78,BuildingA_Floor2,TypeA
1064,2025-04-06 16:06:22,21.57,62.89,BuildingB_Floor2,TypeA
1024,2025-04-08 05:31:46,28.18,70.13,BuildingA_Floor2,TypeB
1093,2025-04-07 22:18:17,34.81,76.32,BuildingA_Floor1,TypeB
1049,2025-04-04 02:04:34,31.12,33.22,BuildingA_Floor2,TypeC
1070,2025-04-05 06:24:33,26.88,56.81,BuildingB_Floor2,TypeA
1050,2025-04-06 20:50:35,29.35,64.98,BuildingA_Floor1,TypeC
1059,2025-04-03 17:37:16,29.17,48.02,BuildingB_Floor2,TypeC
1058,2025-04-03 17:21:56,28.13,30.1,BuildingA_Floor1,TypeC
1017,2025-04-04 13:21:20,26.6,37.02,BuildingA_Floor1,TypeB
1100,2025-04-04 15:02:00,21.65,71.79,BuildingB_Floor2,TypeA
1085,2025-04-08 08:36:36,21.09,57.86,BuildingB_Floor2,TypeB
1098,2025-04-05 16:57:28,25.33,45.23,BuildingA_Floor2,TypeA
1023,2025-04-06 05:29:21,18.34,33.72,BuildingB_Floor2,TypeB
1009,2025-04-03 22:59:14,20.65,46.95,BuildingB_Floor2,TypeC
1089,2025-04-06 17:50:14,24.13,45.8,BuildingA_Floor2,TypeB
1054,2025-04-08 01:42:13,19.75,35.51,BuildingB_Floor2,TypeA
1009,2025-04-05 10:50:27,15.48,58.49,BuildingB_Floor2,TypeA
1004,2025-04-05 13:18:57,22.92,31.4,BuildingA_Floor1,TypeA
1075,2025-04-07 02:50:08,23.86,43.54,BuildingB_Floor2,TypeA
1053,2025-04-04 01:52:02,25.93,53.12,BuildingB_Floor1,TypeA
1083,2025-04-06 16:33:37,20.76,30.99,BuildingB_Floor2,TypeA
1064,2025-04-08 14:12:00,32.79,77.31,BuildingB_Floor1,TypeC
1090,2025-04-06 23:09:37,21.41,37.2,BuildingA_Floor1,TypeB
1078,2025-04-07 12:42:37,24.4,58.52,BuildingA_Floor2,TypeB
1055,2025-04-05 05:33:10,20.26,36.22,BuildingA_Floor2,TypeC
1013,2025-04-07 22:00:44,29.26,34.22,BuildingA_Floor2,TypeC
1016,2025-04-05 18:55:48,18.54,71.32,BuildingB_Floor1,TypeA
1052,2025-04-06 14:31:39,30.24,34.42,BuildingB_Floor1,TypeB
1014,2025-04-04 04:46:19,22.74,78.67,BuildingB_Floor1,TypeB
1025,2025-04-05 10:50:29,33.2,30.13,BuildingA_Floor1,TypeB
1075,2025-04-08 14:45:14,31.28,56.8,BuildingB_Floor2,TypeB
1054,2025-04-05 09:51:03,31.16,53.9,BuildingA_Floor1,TypeB
1083,2025-04-07 01:31:47,16.53,59.97,BuildingA_Floor2,TypeC
1044,2025-04-05 12:34:12,28.36,37.86,BuildingA_Floor1,TypeB
1074,2025-04-08 02:04:45,17.18,45.46,BuildingA_Floor1,TypeA
1099,2025-04-04 15:24:08,16.76,76.51,BuildingB_Floor1,TypeB
1039,2025-04-07 08:30:24,29.24,63.78,BuildingB_Floor1,TypeB
1017,2025-04-05 01:14:18,32.14,40.97,BuildingB_Floor2,TypeC
1049,2025-04-05 17:07:16,25.94,33.75,BuildingA_Floor1,TypeC
1037,2025-04-06 05:31:09,17.39,73.04,BuildingB_Floor2,TypeC
1056,2025-04-05 11:47:37,16.8,42.77,BuildingA_Floor2,TypeC
1009,2025-04-06 02:50:30,29.73,66.17,BuildingB_Floor1,TypeC
1064,2025-04-04 06:11:26,21.55,52.35,BuildingA_Floor1,TypeA
1055,2025-04-05 19:37:47,24.01,35.81,BuildingA_Floor1,TypeB
1092,2025-04-06 12:24:04,18.6,32.34,BuildingB_Floor1,TypeC
1057,2025-04-07 09:28:01,23.63,53.65,BuildingA_Floor1,TypeC
1091,2025-04-06 20:28:47,20.8,59.52,BuildingB_Floor2,TypeA
1100,2025-04-05 15:25:25,27.9,54.41,BuildingA_Floor1,TypeA
1086,2025-04-05 00:00:50,30.66,35.09,BuildingA_Floor1,TypeC
1089,2025-04-05 21:25:53,23.58,75.04,BuildingA_Floor1,TypeB
1016,2025-04-06 06:25:25,24.4,51.45,BuildingB_Floor2,TypeA
1058,2025-04-07 19:30:30,28.57,71.97,BuildingA_Floor1,TypeB
1053,2025-04-06 11:29:42,20.16,50.42,BuildingB_Floor1,TypeB
1039,2025-04-06 04:42:07,24.64,67.92,BuildingA_Floor1,TypeC
1084,2025-04-04 19:50:38,28.64,77.12,BuildingA_Floor1,TypeB
1006,2025-04-06 04:22:07,34.27,39.08,BuildingA_Floor1,TypeB
1089,2025-04-07 07:33:35,18.91,31.3,BuildingA_Floor2,TypeC
1061,2025-04-06 01:45:50,23.16,46.33,BuildingA_Floor2,TypeA
1044,2025-04-07 10:04:39,24.2,78.44,BuildingA_Floor1,TypeC
1019,2025-04-05 13:18:22,22.83,32.3,BuildingA_Floor2,TypeB
1020,2025-04-05 02:22:44,17.64,56.54,BuildingA_Floor1,TypeC
1014,2025-04-07 06:39:19,16.31,33.74,BuildingA_Floor1,TypeA
1018,2025-04-08 01:29:59,17.18,78.32,BuildingA_Floor2,TypeA
1055,2025-04-08 14:46:39,20.96,55.36,BuildingB_Floor1,TypeB
1038,2025-04-07 08:21:09,34.36,56.69,BuildingA_Floor2,TypeA
1063,2025-04-08 06:00:58,29.77,49.26,BuildingA_Floor2,TypeA
1072,2025-04-06 10:36:16,21.06,51.88,BuildingB_Floor1,TypeB
1045,2025-04-04 09:11:56,22.31,50.96,BuildingA_Floor2,TypeB
1023,2025-04-04 16:52:41,31.23,30.0,BuildingB_Floor1,TypeC
1014,2025-04-05 07:54:53,30.49,74.28,BuildingB_Floor1,TypeA
1061,2025-04-06 19:06:40,19.08,40.32,BuildingB_Floor2,TypeB
1000,2025-04-08 04:58:49,26.72,65.19,BuildingB_Floor2,TypeA
1062,2025-04-06 14:09:53,22.56,46.56,BuildingA_Floor1,TypeC
1010,2025-04-08 11:22:36,19.33,57.1,BuildingA_Floor1,TypeC
1045,2025-04-06 00:22:16,21.9,46.47,BuildingA_Floor1,TypeB
1053,2025-04-07 12:54:33,15.58,43.82,BuildingA_Floor2,TypeB
1045,2025-04-06 17:40:10,26.2,73.26,BuildingA_Floor1,TypeA
1046,2025-04-03 22:08:19,16.54,59.62,BuildingB_Floor1,TypeB
1010,2025-04-04 05:48:06,33.34,51.91,BuildingA_Floor1,TypeA
1023,2025-04-04 01:59:52,23.74,55.07,BuildingA_Floor1,TypeB
1000,2025-04-06 08:13:34,19.62,61.47,BuildingA_Floor1,TypeB
1024,2025-04-08 07:20:51,24.53,44.54,BuildingA_Floor1,TypeB
1012,2025-04-05 20:55:31,30.09,67.34,BuildingB_Floor1,TypeB
1048,2025-04-07 13:16:29,24.66,70.42,BuildingB_Floor1,TypeC
1049,2025-04-07 08:22:26,18.29,32.43,BuildingA_Floor1,TypeC
1033,2025-04-07 10:06:46,17.46,70.83,BuildingB_Floor1,TypeC
1045,2025-04-05 01:22:20,18.41,58.64,BuildingB_Floor1,TypeB
1094,2025-04-03 17:27:05,30.79,37.83,BuildingB_Floor2,TypeC
1023,2025-04-05 11:51:24,32.83,41.67,BuildingA_Floor1,TypeC
1027,2025-04-08 05:09:13,27.2,59.85,BuildingB_Floor2,TypeA
1065,2025-04-06 07:09:18,15.02,47.71,BuildingA_Floor2,TypeB
1063,2025-04-03 21:18:03,23.46,53.66,BuildingB_Floor2,TypeA
1055,2025-04-04 16:42:43,21.05,72.08,BuildingA_Floor1,TypeC
1028,2025-04-08 11:03:42,22.85,32.77,BuildingA_Floor1,TypeC
1045,2025-04-05 18:33:03,15.77,74.15,BuildingB_Floor1,TypeB
1073,2025-04-08 16:35:05,27.2,40.9,BuildingB_Floor2,TypeC
1006,2025-04-03 19:52:06,30.44,35.73,BuildingA_Floor2,TypeA
1080,2025-04-03 18:27:03,25.67,63.76,BuildingB_Floor1,TypeA
1018,2025-04-05 00:09:47,19.29,49.52,BuildingA_Floor1,TypeB
1085,2025-04-06 02:49:45,25.89,34.58,BuildingA_Floor2,TypeB
1052,2025-04-04 15:02:28,20.0,59.4,BuildingB_Floor1,TypeB
1028,2025-04-04 21:58:20,15.14,53.29,BuildingA_Floor2,TypeA
1078,2025-04-07 18:52:25,30.37,47.36,BuildingA_Floor1,TypeC
1042,2025-04-05 04:01:35,25.22,49.31,BuildingB_Floor1,TypeC
1100,2025-04-06 03:06:49,21.35,70.48,BuildingB_Floor1,TypeA
1052,2025-04-05 22:05:43,30.12,45.63,BuildingA_Floor1,TypeC
1005,2025-04-06 03:18:16,31.63,39.88,BuildingA_Floor1,TypeB
1010,2025-04-08 11:18:58,17.21,42.96,BuildingA_Floor1,TypeB
1064,2025-04-08 14:52:57,19.58,78.37,BuildingA_Floor1,TypeB
1007,2025-04-07 00:22:46,25.58,33.1,BuildingB_Floor2,TypeA
1034,2025-04-08 12:53:55,26.1,61.47,BuildingA_Floor2,TypeA
1077,2025-04-04 05:37:46,18.23,69.44,BuildingA_Floor2,TypeB
1062,2025-04-06 09:25:02,32.69,34.9,BuildingA_Floor1,TypeB
1025,2025-04-07 16:31:35,26.84,74.99,BuildingA_Floor1,TypeA
1036,2025-04-04 09:00:55,21.01,43.31,BuildingB_Floor2,TypeB
1039,2025-04-07 17:07:55,21.29,33.92,BuildingA_Floor1,TypeB
1084,2025-04-04 16:29:44,21.89,51.11,BuildingB_Floor1,TypeA
1049,2025-04-06 02:10:57,19.12,38.69,BuildingB_Floor1,TypeB
1034,2025-04-05 12:16:32,22.26,67.76,BuildingB_Floor2,TypeB
1019,2025-04-08 02:44:04,20.3,63.28,BuildingB_Floor2,TypeA
1047,2025-04-08 15:07:14,21.64,76.14,BuildingB_Floor2,TypeB
1098,2025-04-04 03:19:53,16.18,62.95,BuildingB_Floor1,TypeB
1023,2025-04-04 11:43:23,32.39,42.39,BuildingB_Floor1,TypeB
1043,2025-04-07 03:37:42,16.4,73.75,BuildingA_Floor1,TypeA
1085,2025-04-06 15:02:21,30.58,31.75,BuildingA_Floor2,TypeB
1074,2025-04-04 14:23:11,21.84,79.9,BuildingA_Floor2,TypeC
1011,2025-04-06 00:11:46,17.85,43.18,BuildingB_Floor2,TypeA
1036,2025-04-08 06:37:28,15.86,60.15,BuildingA_Floor2,TypeA
1047,2025-04-04 04:15:01,24.0,44.39,BuildingA_Floor2,TypeB
1097,2025-04-04 10:25:56,26.14,63.97,BuildingA_Floor2,TypeA
1082,2025-04-06 21:19:43,29.46,54.0,BuildingA_Floor2,TypeB
1003,2025-04-05 11:38:30,27.67,52.39,BuildingA_Floor1,TypeA
1041,2025-04-06 05:44:28,17.83,62.1,BuildingB_Floor1,TypeA
1053,2025-04-06 20:49:12,20.75,58.54,BuildingB_Floor1,TypeB
1095,2025-04-04 17:54:01,29.41,74.58,BuildingA_Floor2,TypeC
1037,2025-04-05 17:57:02,31.11,58.12,BuildingB_Floor1,TypeC
1059,2025-04-08 13:07:56,16.14,60.7,BuildingB_Floor2,TypeA
1070,2025-04-05 16:37:08,30.88,76.61,BuildingB_Floor2,TypeB
1069,2025-04-07 19:40:34,29.43,50.65,BuildingB_Floor1,TypeC
1045,2025-04-03 19:29:41,27.03,79.32,BuildingA_Floor1,TypeA
1048,2025-04-08 09:20:28,28.93,67.47,BuildingB_Floor2,TypeB
1064,2025-04-05 16:52:46,17.88,75.57,BuildingB_Floor2,TypeC
1044,2025-04-07 20:21:47,25.61,37.26,BuildingB_Floor1,TypeB
1041,2025-04-06 16:18:23,18.24,37.39,BuildingB_Floor2,TypeA
1085,2025-04-04 12:01:55,28.85,63.73,BuildingA_Floor2,TypeA
1043,2025-04-06 00:33:03,34.55,44.59,BuildingA_Floor1,TypeC
1035,2025-04-05 22:30:55,20.47,31.86,BuildingA_Floor2,TypeB
1047,2025-04-05 12:47:31,25.85,35.15,BuildingB_Floor1,TypeC
1072,2025-04-04 13:04:02,34.78,77.63,BuildingB_Floor1,TypeA
1026,2025-04-04 03:59:42,31.66,43.13,BuildingA_Floor2,TypeA
1044,2025-04-05 04:53:19,34.1,33.57,BuildingA_Floor2,TypeB
1065,2025-04-08 06:01:24,24.63,64.78,BuildingB_Floor1,TypeB
1079,2025-04-04 19:12:27,20.61,75.15,BuildingA_Floor2,TypeA
1091,2025-04-06 12:53:16,17.56,50.64,BuildingA_Floor2,TypeB
1085,2025-04-07 13:49:28,23.47,53.61,BuildingB_Floor1,TypeB
1041,2025-04-05 15:03:17,34.25,66.97,BuildingA_Floor2,TypeC
1027,2025-04-07 04:32:55,27.85,50.25,BuildingB_Floor2,TypeA
1065,2025-04-04 23:28:51,15.05,50.98,BuildingA_Floor1,TypeB
1019,2025-04-04 02:10:20,27.0,72.36,BuildingA_Floor1,TypeB
1054,2025-04-07 03:51:04,18.47,77.91,BuildingA_Floor1,TypeB
1031,2025-04-08 04:11:52,17.48,41.24,BuildingB_Floor2,TypeA
1076,2025-04-07 07:34:11,21.14,66.91,BuildingA_Floor1,TypeA
1065,2025-04-04 16:13:56,30.98,43.54,BuildingA_Floor2,TypeB
1026,2025-04-06 09:25:58,18.48,75.56,BuildingA_Floor1,TypeB
1076,2025-04-05 22:03:38,28.9,63.08,BuildingA_Floor1,TypeB
1047,2025-04-07 06:14:02,16.76,44.94,BuildingA_Floor2,TypeB
1094,2025-04-04 04:23:28,30.34,63.61,BuildingA_Floor2,TypeB
1095,2025-04-06 06:12:36,19.68,79.84,BuildingB_Floor2,TypeC
1093,2025-04-06 15:48:10,25.75,31.33,BuildingA_Floor2,TypeC
1036,2025-04-06 22:40:03,34.8,40.13,BuildingA_Floor2,TypeC
1096,2025-04-06 14:36:39,21.97,54.98,BuildingA_Floor2,TypeC
1062,2025-04-08 12:59:03,24.35,46.92,BuildingB_Floor2,TypeA
1097,2025-04-05 22:25:53,25.91,32.13,BuildingB_Floor1,TypeB
1075,2025-04-07 22:07:20,21.49,63.63,BuildingA_Floor2,TypeB
1058,2025-04-04 14:12:55,21.05,44.36,BuildingB_Floor1,TypeA
1028,2025-04-03 20:20:39,32.78,55.04,BuildingB_Floor1,TypeA
1032,2025-04-04 03:18:01,34.0,50.56,BuildingA_Floor1,TypeB
1092,2025-04-04 17:44:59,33.12,51.35,BuildingA_Floor1,TypeB
1080,2025-04-06 13:31:12,18.09,76.1,BuildingA_Floor2,TypeA
1034,2025-04-06 23:17:43,33.08,71.57,BuildingA_Floor1,TypeA
1089,2025-04-05 15:48:23,15.94,73.01,BuildingA_Floor1,TypeA
1092,2025-04-05 01:24:41,21.48,70.01,BuildingA_Floor1,TypeC
1054,2025-04-04 00:56:00,27.77,66.92,BuildingA_Floor1,TypeA
1092,2025-04-07 07:19:48,33.22,38.7,BuildingA_Floor2,TypeA
1028,2025-04-06 09:07:49,19.77,65.08,BuildingB_Floor2,TypeB
1055,2025-04-07 22:17:19,28.49,59.87,BuildingA_Floor1,TypeA
1039,2025-04-04 19:57:00,15.23,75.52,BuildingB_Floor2,TypeB
1086,2025-04-08 02:23:37,31.79,54.79,BuildingA_Floor2,TypeB
1014,2025-04-07 05:29:15,27.43,37.61,BuildingA_Floor2,TypeB
1016,2025-04-07 10:50:45,22.25,72.26,BuildingB_Floor2,TypeB
1082,2025-04-04 04:30:18,25.95,51.28,BuildingB_Floor2,TypeA
1003,2025-04-04 13:45:50,33.01,67.55,BuildingA_Floor1,TypeA
1086,2025-04-06 18:06:39,30.53,68.82,BuildingA_Floor2,TypeB
1014,2025-04-05 03:31:00,31.52,50.23,BuildingA_Floor2,TypeA
1095,2025-04-05 20:28:38,21.3,49.94,BuildingA_Floor2,TypeC
1093,2025-04-04 20:59:19,34.3,69.41,BuildingB_Floor1,TypeC
1091,2025-04-05 15:42:43,30.45,77.97,BuildingA_Floor2,TypeA
1042,2025-04-05 06:30:24,31.41,36.79,BuildingA_Floor1,TypeB
1098,2025-04-08 04:08:08,34.17,38.98,BuildingB_Floor2,TypeB
1034,2025-04-07 16:45:26,24.12,62.24,BuildingA_Floor1,TypeB
1022,2025-04-07 02:03:06,23.6,61.42,BuildingB_Floor1,TypeB
1085,2025-04-08 13:05:03,15.6,78.88,BuildingB_Floor2,TypeB
1006,2025-04-05 11:20:44,26.13,63.2,BuildingB_Floor2,TypeC
1012,2025-04-05 13:12:44,32.92,78.95,BuildingB_Floor2,TypeB
1074,2025-04-05 15:47:11,17.5,64.74,BuildingA_Floor1,TypeA
1044,2025-04-08 06:03:09,34.73,65.09,BuildingB_Floor1,TypeC
1089,2025-04-08 04:54:45,33.83,78.91,BuildingA_Floor2,TypeC
1096,2025-04-05 00:20:07,31.59,34.8,BuildingA_Floor2,TypeB
1076,2025-04-04 14:51:25,21.43,74.52,BuildingA_Floor1,TypeC
1048,2025-04-06 22:45:10,22.73,55.84,BuildingB_Floor2,TypeC
1038,2025-04-06 13:18:01,17.74,46.39,BuildingA_Floor1,TypeA
1032,2025-04-07 08:50:07,21.81,63.64,BuildingB_Floor2,TypeC
1056,2025-04-04 19:49:24,26.03,40.13,BuildingB_Floor2,TypeA
1044,2025-04-05 22:56:56,25.49,76.12,BuildingA_Floor1,TypeC
1034,2025-04-07 08:28:31,17.02,52.67,BuildingA_Floor1,TypeA
1060,2025-04-04 16:02:30,32.9,71.65,BuildingB_Floor1,TypeA
1082,2025-04-05 01:07:12,22.48,42.29,BuildingA_Floor2,TypeA
1028,2025-04-05 16:21:34,33.86,50.92,BuildingA_Floor2,TypeA
1001,2025-04-04 18:56:03,24.11,35.0,BuildingA_Floor2,TypeC
1078,2025-04-07 13:36:52,23.36,71.18,BuildingA_Floor1,TypeA
1028,2025-04-03 21:49:20,15.86,56.27,BuildingA_Floor2,TypeC
1036,2025-04-05 19:56:42,25.88,59.63,BuildingB_Floor1,TypeA
1067,2025-04-05 06:52:34,30.44,73.64,BuildingB_Floor2,TypeC
1008,2025-04-07 16:40:20,30.92,61.16,BuildingB_Floor1,TypeA
1050,2025-04-05 16:43:17,25.24,61.13,BuildingA_Floor2,TypeC
1085,2025-04-05 19:04:06,24.66,56.39,BuildingB_Floor1,TypeB
1017,2025-04-03 23:47:11,34.72,38.0,BuildingB_Floor1,TypeC
1079,2025-04-07 09:13:49,28.57,49.16,BuildingA_Floor1,TypeB
1031,2025-04-06 03:31:11,17.66,61.7,BuildingB_Floor1,TypeB
1045,2025-04-06 19:37:55,16.29,41.83,BuildingA_Floor2,TypeB
1005,2025-04-07 10:13:32,15.34,36.16,BuildingA_Floor1,TypeC
1071,2025-04-06 20:57:14,33.49,66.1,BuildingA_Floor2,TypeA
1098,2025-04-06 08:02:08,28.04,78.6,BuildingB_Floor2,TypeA
1047,2025-04-04 16:52:31,24.19,44.96,BuildingA_Floor2,TypeA
1029,2025-04-04 03:09:54,33.65,50.59,BuildingB_Floor2,TypeB
1051,2025-04-07 19:29:45,24.24,41.54,BuildingA_Floor2,TypeC
1086,2025-04-08 14:13:04,21.69,49.66,BuildingB_Floor1,TypeA
1036,2025-04-08 16:28:11,15.14,47.46,BuildingA_Floor1,TypeA
1003,2025-04-06 16:23:48,26.49,72.8,BuildingB_Floor2,TypeC
1070,2025-04-05 07:06:40,22.19,50.6,BuildingB_Floor1,TypeB
1083,2025-04-03 18:10:38,23.4,79.54,BuildingA_Floor2,TypeC
1037,2025-04-04 23:00:50,30.93,33.91,BuildingB_Floor1,TypeC
1052,2025-04-04 11:07:06,33.92,71.12,BuildingB_Floor1,TypeC
1049,2025-04-05 00:10:30,34.51,54.55,BuildingA_Floor2,TypeA
1044,2025-04-08 11:37:21,18.65,61.77,BuildingB_Floor2,TypeB
1026,2025-04-07 07:24:47,23.3,76.54,BuildingA_Floor1,TypeB
1057,2025-04-03 21:52:34,32.3,41.56,BuildingA_Floor2,TypeB
1007,2025-04-05 19:03:42,30.72,52.14,BuildingA_Floor1,TypeC
1049,2025-04-04 07:47:26,15.13,43.77,BuildingB_Floor1,TypeC
1043,2025-04-05 18:11:07,31.22,51.05,BuildingB_Floor1,TypeA
1100,2025-04-06 15:52:36,23.51,45.04,BuildingB_Floor2,TypeA
1070,2025-04-07 01:40:17,18.94,44.42,BuildingA_Floor2,TypeC
1011,2025-04-04 14:50:58,15.27,73.05,BuildingA_Floor1,TypeA
1026,2025-04-08 01:03:46,24.33,77.59,BuildingB_Floor1,TypeA
1085,2025-04-04 06:00:20,17.29,79.56,BuildingA_Floor2,TypeB
1090,2025-04-05 03:30:14,34.45,51.01,BuildingA_Floor2,TypeC
1087,2025-04-04 15:51:45,21.72,36.14,BuildingA_Floor2,TypeC
1048,2025-04-07 03:48:13,25.88,64.93,BuildingA_Floor1,TypeC
1061,2025-04-06 08:17:17,20.7,63.84,BuildingA_Floor1,TypeC
1084,2025-04-04 04:57:11,18.42,64.64,BuildingA_Floor1,TypeB
1075,2025-04-05 05:07:14,18.32,60.88,BuildingA_Floor1,TypeB
1065,2025-04-06 15:24:05,30.67,61.16,BuildingA_Floor1,TypeA
1018,2025-04-08 14:31:54,33.6,52.41,BuildingB_Floor1,TypeA
1056,2025-04-03 21:22:42,22.11,50.15,BuildingB_Floor2,TypeB
1058,2025-04-06 05:50:32,32.75,37.38,BuildingA_Floor2,TypeA
1088,2025-04-04 08:56:37,31.53,53.26,BuildingA_Floor1,TypeC
1009,2025-04-05 14:55:52,34.28,74.96,BuildingB_Floor2,TypeA
1044,2025-04-06 12:09:44,19.63,40.9,BuildingB_Floor1,TypeC
1075,2025-04-08 02:18:43,21.14,36.47,BuildingB_Floor1,TypeA
1081,2025-04-06 08:58:47,21.98,51.49,BuildingA_Floor2,TypeA
1091,2025-04-03 19:23:40,15.55,30.55,BuildingA_Floor1,TypeB
1057,2025-04-04 20:40:07,22.26,31.73,BuildingB_Floor2,TypeA
1007,2025-04-06 12:00:40,24.04,48.19,BuildingB_Floor1,TypeA
1017,2025-04-06 00:22:53,32.86,56.54,BuildingA_Floor1,TypeA
1088,2025-04-04 22:51:27,27.23,38.17,BuildingA_Floor1,TypeB
1091,2025-04-06 11:16:24,34.99,57.02,BuildingB_Floor1,TypeA
1031,2025-04-04 15:25:40,27.85,48.4,BuildingA_Floor1,TypeB
1062,2025-04-05 22:43:30,21.24,49.7,BuildingB_Floor2,TypeB
1089,2025-04-07 05:48:51,19.71,44.42,BuildingA_Floor2,TypeC
1071,2025-04-06 07:39:32,34.52,64.23,BuildingA_Floor1,TypeB
1058,2025-04-06 11:35:18,21.42,70.41,BuildingB_Floor2,TypeA
1026,2025-04-05 05:02:26,24.34,53.83,BuildingA_Floor1,TypeB
1040,2025-04-04 02:52:36,23.65,70.11,BuildingB_Floor1,TypeA
1082,2025-04-06 13:18:46,26.9,55.29,BuildingA_Floor1,TypeA
1007,2025-04-06 04:46:11,22.89,51.12,BuildingB_Floor2,TypeA
1024,2025-04-05 02:42:59,29.57,71.94,BuildingB_Floor2,TypeB
1050,2025-04-07 12:36:40,20.46,67.72,BuildingB_Floor2,TypeA
1073,2025-04-05 11:50:40,21.69,78.41,BuildingA_Floor2,TypeC
1059,2025-04-04 16:15:26,31.24,51.88,BuildingA_Floor1,TypeC
1061,2025-04-07 11:06:51,19.93,35.1,BuildingA_Floor2,TypeC
1043,2025-04-04 14:43:35,22.63,42.06,BuildingB_Floor1,TypeA
1021,2025-04-07 03:25:30,19.64,76.46,BuildingB_Floor1,TypeB
1037,2025-04-04 06:54:58,28.06,51.71,BuildingB_Floor1,TypeC
1020,2025-04-05 13:41:33,21.28,46.19,BuildingB_Floor2,TypeC
1069,2025-04-07 21:51:46,18.37,67.73,BuildingA_Floor1,TypeB
1059,2025-04-04 11:44:10,17.37,31.3,BuildingB_Floor1,TypeB
1085,2025-04-07 16:06:20,30.68,40.99,BuildingB_Floor1,TypeC
1036,2025-04-04 10:14:52,26.34,63.9,BuildingB_Floor2,TypeA
1033,2025-04-05 22:41:23,30.24,67.77,BuildingB_Floor1,TypeA
1094,2025-04-05 22:37:12,29.7,45.02,BuildingB_Floor1,TypeA
1046,2025-04-08 04:08:09,31.66,54.01,BuildingB_Floor2,TypeC
1030,2025-04-06 05:57:07,28.21,75.43,BuildingA_Floor2,TypeB
1041,2025-04-05 22:20:53,24.69,54.41,BuildingB_Floor2,TypeB
1012,2025-04-06 18:00:50,28.85,64.59,BuildingB_Floor1,TypeB
1050,2025-04-05 07:20:42,19.85,77.28,BuildingA_Floor1,TypeB
1022,2025-04-04 10:56:08,31.21,74.54,BuildingB_Floor2,TypeB
1011,2025-04-04 20:01:18,16.9,54.13,BuildingB_Floor2,TypeC
1047,2025-04-03 23:35:42,16.08,46.68,BuildingB_Floor1,TypeB
1027,2025-04-03 18:57:16,19.07,49.37,BuildingB_Floor2,TypeB
1066,2025-04-08 07:07:35,21.37,46.95,BuildingB_Floor2,TypeC
1069,2025-04-04 19:08:52,28.46,75.71,BuildingA_Floor2,TypeA
1059,2025-04-04 19:59:25,21.15,39.23,BuildingA_Floor2,TypeB
1062,2025-04-08 05:45:45,15.25,50.15,BuildingB_Floor1,TypeC
1050,2025-04-08 09:07:55,16.52,32.97,BuildingA_Floor2,TypeB
1049,2025-04-06 20:13:36,23.11,52.82,BuildingB_Floor2,TypeB
1030,2025-04-07 18:48:49,15.63,35.78,BuildingA_Floor1,TypeB
1049,2025-04-04 06:04:49,32.9,59.01,BuildingA_Floor1,TypeC
1030,2025-04-04 09:05:49,18.52,44.47,BuildingA_Floor1,TypeA
1002,2025-04-04 19:41:57,34.85,76.59,BuildingB_Floor2,TypeA
1061,2025-04-07 00:10:58,15.05,62.99,BuildingA_Floor1,TypeB
1078,2025-04-03 23:38:30,32.72,45.16,BuildingA_Floor2,TypeC
1059,2025-04-04 10:24:14,27.57,57.32,BuildingB_Floor2,TypeB
1003,2025-04-06 21:17:24,34.7,31.22,BuildingB_Floor2,TypeA
1084,2025-04-08 07:26:20,16.25,56.35,BuildingB_Floor2,TypeB
1095,2025-04-04 00:11:58,32.41,55.76,BuildingB_Floor2,TypeC
1087,2025-04-07 03:18:25,25.21,49.24,BuildingB_Floor2,TypeC
1059,2025-04-05 16:49:25,33.28,49.3,BuildingA_Floor2,TypeB
1090,2025-04-06 18:00:31,16.18,69.34,BuildingA_Floor1,TypeB
1088,2025-04-03 17:18:05,23.82,72.4,BuildingB_Floor1,TypeB
1012,2025-04-03 22:31:42,22.37,60.67,BuildingA_Floor2,TypeC
1075,2025-04-04 19:45:32,31.55,62.82,BuildingA_Floor2,TypeA
1005,2025-04-08 09:49:54,30.97,75.26,BuildingA_Floor1,TypeC
1000,2025-04-03 18:57:29,29.98,69.44,BuildingA_Floor1,TypeB
1068,2025-04-04 08:12:27,21.21,30.93,BuildingA_Floor2,TypeC
1014,2025-04-07 09:22:31,31.5,41.77,BuildingA_Floor1,TypeB
1016,2025-04-05 10:39:38,31.04,36.38,BuildingB_Floor1,TypeA
1049,2025-04-06 07:51:30,15.34,71.69,BuildingB_Floor2,TypeA
1040,2025-04-08 03:50:45,27.06,62.65,BuildingA_Floor1,TypeB
1039,2025-04-08 08:08:13,33.62,37.26,BuildingA_Floor2,TypeA
1033,2025-04-05 13:48:00,17.45,39.62,BuildingA_Floor1,TypeA
1040,2025-04-03 23:12:00,34.49,59.32,BuildingA_Floor2,TypeC
1048,2025-04-06 06:09:04,34.18,50.38,BuildingB_Floor1,TypeC
1007,2025-04-06 05:26:02,21.5,49.46,BuildingA_Floor1,TypeB
1031,2025-04-04 02:32:05,16.31,41.9,BuildingB_Floor1,TypeA
1052,2025-04-08 08:08:48,23.64,38.21,BuildingB_Floor1,TypeA
1056,2025-04-08 01:13:47,29.52,71.96,BuildingB_Floor2,TypeA
1058,2025-04-07 03:38:23,17.88,76.74,BuildingA_Floor2,TypeB
1043,2025-04-05 02:48:03,16.82,58.6,BuildingA_Floor2,TypeA
1035,2025-04-08 01:33:46,25.26,48.96,BuildingA_Floor1,TypeB
1029,2025-04-03 19:26:41,21.88,64.25,BuildingA_Floor1,TypeC
1073,2025-04-07 03:34:34,18.59,36.75,BuildingB_Floor2,TypeA
1050,2025-04-05 16:34:25,25.48,45.76,BuildingB_Floor1,TypeB
1021,2025-04-06 14:00:10,34.19,43.7,BuildingB_Floor2,TypeC
1066,2025-04-05 17:45:09,34.81,60.89,BuildingA_Floor1,TypeA
1099,2025-04-06 09:39:02,23.59,48.37,BuildingB_Floor1,TypeB
1006,2025-04-07 08:20:28,30.42,56.35,BuildingB_Floor1,TypeC
1062,2025-04-07 21:24:03,20.47,75.95,BuildingB_Floor2,TypeB
1024,2025-04-07 11:09:39,25.7,66.0,BuildingA_Floor2,TypeC
1033,2025-04-06 01:05:34,33.42,52.12,BuildingB_Floor2,TypeA
1056,2025-04-03 21:09:52,15.43,79.64,BuildingB_Floor1,TypeC
1022,2025-04-05 02:16:45,25.94,63.99,BuildingA_Floor1,TypeA
1027,2025-04-03 17:52:40,32.02,62.53,BuildingB_Floor2,TypeB
1029,2025-04-03 21:43:21,18.98,35.47,BuildingB_Floor2,TypeC
1043,2025-04-08 15:19:49,27.54,35.56,BuildingB_Floor2,TypeC
1100,2025-04-05 10:16:54,26.25,41.26,BuildingB_Floor1,TypeB
1040,2025-04-07 21:09:56,22.33,47.31,BuildingB_Floor1,TypeB
1011,2025-04-07 19:05:48,16.95,39.92,BuildingA_Floor1,TypeC
1053,2025-04-07 23:25:51,29.13,38.25,BuildingB_Floor1,TypeC
1069,2025-04-04 01:33:38,27.56,37.54,BuildingA_Floor2,TypeA
1070,2025-04-07 18:04:57,31.42,49.73,BuildingA_Floor1,TypeA
1084,2025-04-07 11:06:52,26.95,55.23,BuildingB_Floor2,TypeA
1042,2025-04-04 04:26:42,21.42,39.2,BuildingA_Floor2,TypeB
1033,2025-04-05 16:38:02,34.05,65.97,BuildingB_Floor2,TypeB
1085,2025-04-03 22:35:34,34.67,30.63,BuildingB_Floor2,TypeC
1017,2025-04-05 16:23:31,15.96,38.48,BuildingB_Floor1,TypeA
1085,2025-04-08 07:22:46,25.85,71.97,BuildingB_Floor1,TypeA
1099,2025-04-07 22:16:48,24.59,43.39,BuildingA_Floor2,TypeB
1056,2025-04-07 10:00:53,15.89,76.32,BuildingA_Floor1,TypeA
1091,2025-04-06 14:00:38,29.96,71.54,BuildingA_Floor1,TypeC
1080,2025-04-05 19:41:19,34.49,45.07,BuildingB_Floor1,TypeA
1077,2025-04-07 13:11:11,31.0,33.3,BuildingA_Floor1,TypeA
1100,2025-04-03 23:36:16,18.64,46.88,BuildingA_Floor2,TypeB
1020,2025-04-04 19:43:49,29.84,79.8,BuildingB_Floor1,TypeA
1090,2025-04-06 07:50:31,27.11,54.81,BuildingA_Floor1,TypeB
1021,2025-04-07 02:38:41,30.62,58.82,BuildingB_Floor1,TypeA
1055,2025-04-06 17:17:06,23.27,31.99,BuildingB_Floor1,TypeC
1098,2025-04-03 19:08:07,24.71,68.06,BuildingA_Floor1,TypeC
1028,2025-04-06 00:56:31,23.41,62.04,BuildingB_Floor1,TypeA
1013,2025-04-05 12:54:46,25.5,31.7,BuildingA_Floor2,TypeA
1056,2025-04-04 22:03:38,17.52,35.47,BuildingB_Floor1,TypeA
1059,2025-04-04 08:12:07,24.77,64.78,BuildingA_Floor2,TypeA
1048,2025-04-07 00:57:29,33.52,46.48,BuildingA_Floor1,TypeB
1008,2025-04-05 03:30:41,16.35,34.43,BuildingA_Floor1,TypeA
1062,2025-04-04 17:39:35,21.93,51.07,BuildingA_Floor2,TypeB
1087,2025-04-06 16:36:44,27.87,68.13,BuildingB_Floor2,TypeA
1091,2025-04-07 18:54:47,17.44,67.56,BuildingA_Floor1,TypeB
1077,2025-04-04 08:06:00,16.78,37.45,BuildingA_Floor1,TypeB
1086,2025-04-08 02:03:20,16.51,30.93,BuildingA_Floor1,TypeB
1002,2025-04-05 20:26:57,22.43,40.62,BuildingB_Floor2,TypeC
1045,2025-04-08 11:39:32,25.64,75.28,BuildingB_Floor1,TypeB
1065,2025-04-05 10:35:24,20.73,74.85,BuildingA_Floor1,TypeC
1068,2025-04-06 10:45:43,19.04,58.34,BuildingB_Floor2,TypeA
1040,2025-04-03 17:16:56,15.54,66.87,BuildingA_Floor2,TypeB
1089,2025-04-05 19:45:27,26.71,61.47,BuildingA_Floor2,TypeA
1083,2025-04-05 19:31:32,20.09,70.65,BuildingB_Floor2,TypeB
1030,2025-04-04 04:31:35,23.31,34.24,BuildingB_Floor1,TypeA
1040,2025-04-05 17:22:09,31.47,63.3,BuildingA_Floor1,TypeB
1015,2025-04-07 15:05:06,30.05,50.57,BuildingB_Floor2,TypeC
1060,2025-04-08 05:43:50,33.24,59.63,BuildingA_Floor1,TypeA
1045,2025-04-05 03:23:45,25.84,63.34,BuildingA_Floor2,TypeB
1075,2025-04-06 05:00:11,17.76,60.46,BuildingA_Floor2,TypeB
1020,2025-04-03 22:45:56,21.51,39.46,BuildingA_Floor2,TypeA
1060,2025-04-03 19:28:09,24.92,48.17,BuildingA_Floor2,TypeA
1100,2025-04-04 02:18:59,26.72,70.45,BuildingB_Floor1,TypeC
1000,2025-04-03 18:39:11,25.57,34.73,BuildingB_Floor2,TypeC
1029,2025-04-03 17:44:20,29.73,50.5,BuildingA_Floor2,TypeA
1036,2025-04-06 08:39:03,17.55,59.81,BuildingA_Floor2,TypeC
1096,2025-04-05 23:31:17,25.76,69.6,BuildingA_Floor2,TypeB
1017,2025-04-06 17:32:34,30.6,58.84,BuildingB_Floor1,TypeC
1050,2025-04-04 20:49:30,31.37,44.22,BuildingA_Floor2,TypeB
1034,2025-04-05 22:25:01,18.49,30.08,BuildingA_Floor2,TypeA
1001,2025-04-06 04:51:32,15.79,45.06,BuildingA_Floor1,TypeA
1023,2025-04-08 12:44:54,33.51,54.0,BuildingA_Floor2,TypeC
1008,2025-04-08 11:51:57,26.97,41.97,BuildingA_Floor1,TypeA
1011,2025-04-04 09:37:46,19.54,46.52,BuildingB_Floor1,TypeA
1028,2025-04-07 13:33:21,30.56,66.49,BuildingB_Floor1,TypeC
1049,2025-04-06 10:08:18,32.5,59.02,BuildingA_Floor2,TypeA
1026,2025-04-08 06:15:07,25.45,56.85,BuildingB_Floor2,TypeA
1077,2025-04-07 15:44:50,29.41,57.86,BuildingB_Floor1,TypeB
1078,2025-04-08 15:58:08,22.28,46.19,BuildingB_Floor2,TypeB
1092,2025-04-05 12:02:30,29.74,50.6,BuildingA_Floor2,TypeB
1092,2025-04-07 09:57:06,29.7,42.68,BuildingA_Floor2,TypeB
1020,2025-04-08 09:39:09,19.46,47.55,BuildingB_Floor1,TypeB
1063,2025-04-05 20:57:54,21.89,38.08,BuildingA_Floor2,TypeB
1064,2025-04-06 21:36:12,31.69,53.72,BuildingA_Floor2,TypeB
1038,2025-04-04 03:21:43,17.76,40.94,BuildingA_Floor2,TypeB
1004,2025-04-07 06:58:34,26.15,56.34,BuildingA_Floor2,TypeC
1051,2025-04-08 07:59:15,16.87,41.14,BuildingA_Floor1,TypeC
1085,2025-04-07 06:35:05,22.48,40.31,BuildingA_Floor1,TypeC
1083,2025-04-06 04:25:08,29.32,42.74,BuildingB_Floor1,TypeA
1066,2025-04-05 13:57:39,17.44,40.47,BuildingA_Floor1,TypeA
1006,2025-04-07 16:47:18,32.11,58.35,BuildingA_Floor1,TypeA
1001,2025-04-05 22:29:12,17.54,74.19,BuildingB_Floor1,TypeB
1001,2025-04-06 19:27:43,17.56,38.24,BuildingB_Floor1,TypeC
1077,2025-04-04 14:06:49,29.48,66.01,BuildingB_Floor1,TypeC
1022,2025-04-06 09:02:39,15.12,58.02,BuildingA_Floor1,TypeC
1025,2025-04-08 03:12:32,34.99,55.9,BuildingB_Floor2,TypeB
1009,2025-04-05 13:19:05,27.05,38.12,BuildingA_Floor1,TypeC
1046,2025-04-08 10:50:09,21.24,63.92,BuildingB_Floor2,TypeB
1047,2025-04-06 18:08:34,29.92,71.81,BuildingA_Floor2,TypeB
1026,2025-04-04 07:34:26,30.52,50.57,BuildingA_Floor2,TypeC
1049,2025-04-05 03:50:59,26.32,36.06,BuildingA_Floor1,TypeB
1048,2025-04-07 07:05:35,25.86,63.25,BuildingB_Floor1,TypeA
1010,2025-04-05 00:02:31,30.61,34.77,BuildingA_Floor1,TypeC
1065,2025-04-07 08:34:06,18.65,32.23,BuildingB_Floor2,TypeB
1041,2025-04-07 19:56:31,34.08,60.47,BuildingB_Floor2,TypeC
1050,2025-04-07 16:16:24,31.72,72.05,BuildingA_Floor1,TypeA
1042,2025-04-08 01:06:16,30.12,69.41,BuildingB_Floor2,TypeC
1089,2025-04-07 14:28:45,28.67,47.84,BuildingB_Floor2,TypeB
1002,2025-04-05 16:40:15,26.37,47.02,BuildingB_Floor2,TypeC
1057,2025-04-06 12:38:37,20.17,56.93,BuildingA_Floor2,TypeA
1005,2025-04-04 22:28:43,32.98,48.73,BuildingB_Floor1,TypeB
1058,2025-04-04 09:49:05,22.48,66.54,BuildingB_Floor1,TypeA
1008,2025-04-07 15:13:55,21.77,63.91,BuildingB_Floor1,TypeC
1075,2025-04-05 17:02:39,21.72,41.85,BuildingA_Floor1,TypeB
1048,2025-04-06 07:25:10,16.89,61.34,BuildingB_Floor1,TypeC
1028,2025-04-08 15:44:07,19.01,58.18,BuildingA_Floor2,TypeB
1025,2025-04-08 04:34:50,27.24,77.47,BuildingA_Floor2,TypeB
1003,2025-04-07 09:59:30,34.98,40.93,BuildingA_Floor2,TypeA
1044,2025-04-06 19:05:39,20.15,61.89,BuildingB_Floor1,TypeA
1085,2025-04-05 15:38:49,19.85,68.61,BuildingB_Floor1,TypeB
1095,2025-04-04 21:55:58,21.43,49.79,BuildingA_Floor1,TypeB
1011,2025-04-07 10:02:48,23.6,76.64,BuildingA_Floor1,TypeA
1038,2025-04-06 19:42:17,21.65,35.27,BuildingA_Floor1,TypeC
1079,2025-04-05 12:46:29,16.11,50.87,BuildingB_Floor1,TypeC
1077,2025-04-06 16:15:37,25.14,30.42,BuildingA_Floor1,TypeB
1014,2025-04-06 15:17:46,29.7,39.07,BuildingA_Floor1,TypeC
1055,2025-04-08 04:45:40,15.83,79.66,BuildingA_Floor2,TypeB
1042,2025-04-05 19:48:32,22.91,68.85,BuildingB_Floor2,TypeB
1023,2025-04-03 18:24:58,33.75,58.73,BuildingA_Floor2,TypeC
1028,2025-04-08 05:18:15,25.74,55.24,BuildingA_Floor1,TypeC
1098,2025-04-05 11:03:17,24.78,34.44,BuildingA_Floor2,TypeB
1082,2025-04-04 21:51:29,34.57,35.82,BuildingB_Floor1,TypeC
1094,2025-04-05 02:41:43,28.6,74.37,BuildingA_Floor1,TypeB
1022,2025-04-08 06:13:17,19.23,75.64,BuildingA_Floor1,TypeC
1016,2025-04-07 13:36:36,34.09,74.29,BuildingB_Floor2,TypeB
1023,2025-04-08 01:45:35,34.04,57.35,BuildingB_Floor2,TypeA
1034,2025-04-08 10:37:21,30.15,61.91,BuildingA_Floor1,TypeC
1095,2025-04-06 18:57:34,27.51,55.94,BuildingA_Floor2,TypeB
1048,2025-04-07 13:47:07,30.68,59.71,BuildingA_Floor2,TypeB
1085,2025-04-07 12:33:24,32.93,39.44,BuildingB_Floor2,TypeA
1048,2025-04-04 19:11:23,20.61,30.63,BuildingB_Floor2,TypeB
1037,2025-04-05 03:01:24,18.98,46.38,BuildingB_Floor1,TypeC
1082,2025-04-05 17:49:42,22.52,48.95,BuildingB_Floor1,TypeB
1049,2025-04-06 19:18:30,15.72,48.57,BuildingB_Floor1,TypeA
1043,2025-04-07 02:58:25,34.34,42.99,BuildingB_Floor2,TypeC
1001,2025-04-04 00:51:56,24.4,40.62,BuildingA_Floor2,TypeC
1050,2025-04-05 04:39:48,18.89,49.23,BuildingB_Floor2,TypeA
1094,2025-04-08 13:37:57,32.84,62.4,BuildingB_Floor2,TypeA
1085,2025-04-06 00:15:16,31.66,49.32,BuildingA_Floor1,TypeA
1004,2025-04-05 21:46:00,22.31,31.86,BuildingA_Floor2,TypeB
1097,2025-04-04 01:48:31,25.14,42.6,BuildingA_Floor1,TypeA
1030,2025-04-04 23:50:48,31.23,37.13,BuildingA_Floor2,TypeA
1072,2025-04-07 15:07:05,16.09,54.51,BuildingB_Floor1,TypeA
1032,2025-04-07 02:50:27,25.5,45.54,BuildingB_Floor1,TypeB
1002,2025-04-04 08:03:17,28.29,38.3,BuildingB_Floor2,TypeC
1077,2025-04-04 04:14:56,15.32,71.26,BuildingA_Floor2,TypeA
1020,2025-04-08 15:11:47,25.76,53.75,BuildingB_Floor1,TypeC
1001,2025-04-05 09:10:07,16.72,57.42,BuildingB_Floor2,TypeC
1007,2025-04-07 23:30:09,21.16,48.56,BuildingA_Floor2,TypeA
1070,2025-04-08 13:04:10,31.43,36.94,BuildingA_Floor1,TypeC
1018,2025-04-05 04:26:57,27.88,37.67,BuildingA_Floor1,TypeC
1100,2025-04-03 20:35:45,24.99,67.87,BuildingB_Floor2,TypeC
1059,2025-04-04 21:25:28,16.08,73.47,BuildingB_Floor1,TypeC
1057,2025-04-08 12:55:47,16.2,33.16,BuildingB_Floor2,TypeA
1016,2025-04-04 23:00:10,33.33,61.38,BuildingA_Floor2,TypeC
1032,2025-04-07 16:22:23,34.59,73.45,BuildingA_Floor1,TypeA
1058,2025-04-05 13:45:10,29.11,64.18,BuildingA_Floor1,TypeC
1058,2025-04-07 12:04:44,23.3,37.26,BuildingA_Floor1,TypeB
1037,2025-04-08 02:14:59,26.93,37.19,BuildingB_Floor2,TypeA
1018,2025-04-04 12:34:34,23.29,43.13,BuildingA_Floor1,TypeC
1067,2025-04-08 09:55:03,25.94,62.43,BuildingA_Floor1,TypeA
1053,2025-04-03 18:24:11,32.29,62.9,BuildingA_Floor2,TypeA
1062,2025-04-08 11:55:33,34.9,47.82,BuildingB_Floor1,TypeC
1083,2025-04-03 18:37:29,30.82,57.5,BuildingA_Floor1,TypeC
1076,2025-04-05 23:26:31,22.88,51.05,BuildingB_Floor1,TypeB
1057,2025-04-05 02:36:16,16.58,30.29,BuildingB_Floor1,TypeC
1085,2025-04-08 09:50:57,26.9,78.1,BuildingB_Floor2,TypeC
1012,2025-04-07 19:22:35,22.8,52.39,BuildingA_Floor2,TypeB
1047,2025-04-05 02:53:15,22.12,46.6,BuildingA_Floor2,TypeB
1050,2025-04-06 01:42:06,28.34,32.56,BuildingA_Floor2,TypeB
1054,2025-04-07 20:39:40,21.35,32.47,BuildingA_Floor1,TypeA
1070,2025-04-07 13:45:49,27.19,42.71,BuildingA_Floor2,TypeB
1011,2025-04-03 21:08:59,27.44,79.94,BuildingB_Floor1,TypeB
1008,2025-04-06 09:09:22,17.29,79.4,BuildingB_Floor1,TypeB
1081,2025-04-08 12:18:34,29.96,60.38,BuildingB_Floor1,TypeB
1025,2025-04-07 19:08:45,33.58,39.7,BuildingA_Floor1,TypeA
1058,2025-04-08 07:26:28,24.32,60.56,BuildingA_Floor2,TypeA
1072,2025-04-04 04:41:38,28.95,30.23,BuildingA_Floor1,TypeA
1094,2025-04-06 00:53:52,16.31,69.15,BuildingA_Floor1,TypeA
1094,2025-04-05 12:06:38,15.23,41.56,BuildingA_Floor1,TypeC
1066,2025-04-06 02:53:50,32.82,58.09,BuildingA_Floor2,TypeB
1008,2025-04-07 22:41:04,18.25,38.21,BuildingB_Floor1,TypeC
1080,2025-04-07 20:21:51,31.88,71.05,BuildingB_Floor1,TypeC
1071,2025-04-04 06:32:09,22.07,73.55,BuildingA_Floor1,TypeA
1032,2025-04-04 15:53:55,28.51,72.8,BuildingA_Floor1,TypeC
1002,2025-04-07 08:55:20,25.15,56.3,BuildingA_Floor1,TypeC
1012,2025-04-04 18:25:21,24.72,37.04,BuildingA_Floor2,TypeA
1081,2025-04-06 10:17:25,17.63,35.35,BuildingB_Floor2,TypeC
1024,2025-04-05 04:36:06,33.28,64.35,BuildingA_Floor1,TypeA
1046,2025-04-04 06:45:02,18.59,54.95,BuildingA_Floor2,TypeB
1044,2025-04-07 05:31:12,31.1,55.0,BuildingB_Floor2,TypeC
1077,2025-04-06 02:26:26,32.04,60.18,BuildingB_Floor2,TypeB
1015,2025-04-05 13:49:29,26.47,33.5,BuildingA_Floor1,TypeA
1005,2025-04-06 08:46:44,24.99,37.43,BuildingB_Floor1,TypeB
1088,2025-04-06 04:50:09,19.31,63.47,BuildingA_Floor1,TypeA
1005,2025-04-04 14:05:48,26.35,50.55,BuildingA_Floor1,TypeB
1012,2025-04-05 06:40:44,34.08,34.81,BuildingB_Floor1,TypeA
1009,2025-04-06 14:55:23,26.57,50.65,BuildingA_Floor2,TypeB
1052,2025-04-07 04:19:41,29.51,63.92,BuildingB_Floor1,TypeA
1067,2025-04-07 18:48:31,21.45,69.83,BuildingA_Floor1,TypeA
1063,2025-04-04 19:37:49,21.82,59.63,BuildingB_Floor1,TypeB
1011,2025-04-06 03:53:24,15.44,74.72,BuildingB_Floor1,TypeC
1034,2025-04-04 20:09:29,29.57,68.79,BuildingA_Floor1,TypeB
1098,2025-04-04 16:04:52,22.65,76.7,BuildingB_Floor2,TypeC
1007,2025-04-05 14:07:08,27.25,34.26,BuildingA_Floor1,TypeB
1056,2025-04-08 10:53:03,29.37,63.97,BuildingA_Floor1,TypeC
1028,2025-04-07 08:46:04,17.99,58.07,BuildingB_Floor1,TypeA
1096,2025-04-08 16:37:11,22.76,48.11,BuildingB_Floor2,TypeB
1016,2025-04-07 08:03:59,30.85,77.01,BuildingA_Floor1,TypeA
1053,2025-04-08 16:58:04,34.31,54.96,BuildingB_Floor1,TypeA
1051,2025-04-07 00:12:12,15.47,75.06,BuildingB_Floor1,TypeC
1050,2025-04-06 17:02:11,24.54,65.2,BuildingA_Floor2,TypeC
1065,2025-04-05 22:40:16,17.65,73.62,BuildingA_Floor2,TypeA
1067,2025-04-03 18:30:37,24.58,49.65,BuildingA_Floor2,TypeA
1075,2025-04-06 17:19:56,27.56,47.75,BuildingB_Floor1,TypeC
1093,2025-04-04 23:05:42,33.28,69.66,BuildingB_Floor2,TypeB
1001,2025-04-06 03:36:49,25.95,47.34,BuildingA_Floor1,TypeA
1086,2025-04-06 15:12:58,24.7,58.71,BuildingB_Floor2,TypeC
1062,2025-04-07 21:34:50,34.32,31.74,BuildingB_Floor2,TypeB
1094,2025-04-06 19:30:35,16.82,79.72,BuildingB_Floor2,TypeB
1078,2025-04-08 10:14:18,33.35,54.79,BuildingA_Floor1,TypeC
1065,2025-04-08 04:57:39,20.77,66.43,BuildingB_Floor1,TypeB
1006,2025-04-03 18:10:29,28.41,50.0,BuildingA_Floor2,TypeA
1036,2025-04-04 18:48:33,26.14,52.71,BuildingA_Floor1,TypeB
1040,2025-04-07 18:11:58,30.49,48.72,BuildingA_Floor1,TypeA
1087,2025-04-06 01:13:04,21.06,37.69,BuildingB_Floor2,TypeB
1018,2025-04-06 13:33:59,32.43,44.39,BuildingA_Floor2,TypeC
1050,2025-04-04 19:26:01,22.72,37.12,BuildingA_Floor1,TypeB
1018,2025-04-07 04:21:37,34.96,49.46,BuildingB_Floor1,TypeC
1094,2025-04-06 21:03:32,22.63,30.39,BuildingA_Floor1,TypeB
1008,2025-04-06 21:04:14,21.6,75.08,BuildingA_Floor2,TypeC
1047,2025-04-05 14:31:52,21.6,64.48,BuildingA_Floor1,TypeA
1013,2025-04-05 18:10:07,28.59,35.06,BuildingB_Floor2,TypeC
1100,2025-04-04 20:19:26,17.16,61.76,BuildingB_Floor1,TypeB
1100,2025-04-03 20:31:11,16.49,61.52,BuildingB_Floor1,TypeA
1079,2025-04-06 06:03:46,31.61,35.9,BuildingB_Floor1,TypeB
1100,2025-04-08 17:00:46,23.57,71.96,BuildingB_Floor1,TypeB
1051,2025-04-05 14:20:14,25.86,35.71,BuildingA_Floor1,TypeA
1055,2025-04-06 13:00:13,15.48,50.84,BuildingA_Floor1,TypeC
1042,2025-04-05 18:17:35,31.71,36.91,BuildingB_Floor2,TypeC
1066,2025-04-04 07:55:28,30.84,61.6,BuildingA_Floor1,TypeB
1004,2025-04-05 08:59:05,25.44,75.13,BuildingB_Floor1,TypeB
1019,2025-04-08 09:55:53,28.16,73.23,BuildingA_Floor1,TypeA
1073,2025-04-04 12:43:28,29.73,65.0,BuildingA_Floor2,TypeA
1095,2025-04-04 23:19:16,33.61,30.33,BuildingB_Floor2,TypeC
1033,2025-04-06 02:22:22,25.35,60.82,BuildingB_Floor2,TypeC
1058,2025-04-06 05:48:35,29.5,42.65,BuildingA_Floor2,TypeC
1019,2025-04-06 10:28:39,33.99,31.92,BuildingA_Floor1,TypeA
1050,2025-04-08 01:40:44,18.26,52.48,BuildingB_Floor1,TypeC
1080,2025-04-08 08:47:48,17.36,60.33,BuildingB_Floor1,TypeA
1013,2025-04-03 19:37:46,17.43,73.53,BuildingA_Floor1,TypeA
1072,2025-04-06 02:34:31,27.34,79.86,BuildingB_Floor1,TypeC
1079,2025-04-07 03:11:49,16.18,50.68,BuildingA_Floor1,TypeB
1009,2025-04-07 17:22:53,29.6,47.21,BuildingA_Floor1,TypeC
1079,2025-04-06 21:59:18,33.29,52.12,BuildingB_Floor2,TypeC
1032,2025-04-05 04:53:49,17.65,77.26,BuildingA_Floor2,TypeA
1059,2025-04-04 01:49:55,34.15,62.45,BuildingB_Floor2,TypeC
1021,2025-04-08 11:58:47,28.52,57.36,BuildingB_Floor1,TypeB
1034,2025-04-05 03:25:36,27.03,37.52,BuildingA_Floor2,TypeA
1086,2025-04-07 10:23:24,23.7,45.84,BuildingB_Floor2,TypeC
1049,2025-04-08 13:52:10,19.63,43.31,BuildingA_Floor2,TypeA
1020,2025-04-04 10:41:07,21.05,61.95,BuildingA_Floor2,TypeB
1060,2025-04-07 06:59:34,28.79,63.23,BuildingA_Floor2,TypeA
1004,2025-04-06 08:44:11,33.09,68.98,BuildingB_Floor1,TypeB
1097,2025-04-05 10:16:24,32.57,67.47,BuildingB_Floor1,TypeB
1084,2025-04-07 07:20:15,19.17,32.08,BuildingB_Floor1,TypeA
1084,2025-04-04 04:39:21,33.77,35.53,BuildingB_Floor1,TypeA
1000,2025-04-06 23:29:35,21.65,51.07,BuildingB_Floor1,TypeB
1010,2025-04-08 10:09:17,22.11,48.3,BuildingB_Floor2,TypeC
1008,2025-04-07 11:00:15,18.68,35.13,BuildingB_Floor2,TypeB
1014,2025-04-07 01:26:18,24.5,66.37,BuildingB_Floor1,TypeA
1096,2025-04-05 00:29:02,26.59,62.18,BuildingA_Floor2,TypeA
1068,2025-04-04 14:35:08,33.32,54.29,BuildingA_Floor1,TypeA
1034,2025-04-06 15:41:53,28.03,52.33,BuildingA_Floor1,TypeB
1046,2025-04-08 07:20:13,34.48,43.24,BuildingA_Floor1,TypeA
1019,2025-04-06 14:49:00,31.04,64.15,BuildingA_Floor1,TypeC
1003,2025-04-03 18:22:36,25.3,43.24,BuildingA_Floor2,TypeA
1003,2025-04-05 07:55:08,19.91,38.61,BuildingB_Floor1,TypeA
1088,2025-04-05 05:53:03,15.54,65.95,BuildingB_Floor2,TypeB
1002,2025-04-06 14:15:24,34.5,54.45,BuildingB_Floor2,TypeC
1007,2025-04-08 09:53:29,23.38,73.92,BuildingA_Floor2,TypeA
1003,2025-04-03 18:26:52,23.41,55.26,BuildingB_Floor2,TypeC
1054,2025-04-03 17:34:17,27.86,72.96,BuildingB_Floor2,TypeA
1033,2025-04-04 17:50:50,21.19,67.98,BuildingB_Floor1,TypeB
1084,2025-04-05 17:30:27,21.74,37.2,BuildingB_Floor1,TypeA
1019,2025-04-03 20:11:11,18.21,56.46,BuildingA_Floor2,TypeB
1082,2025-04-07 11:43:22,30.9,61.17,BuildingA_Floor2,TypeC
1045,2025-04-07 12:52:33,16.03,65.75,BuildingB_Floor1,TypeC
1008,2025-04-08 10:01:10,32.1,75.88,BuildingA_Floor2,TypeA
1049,2025-04-06 02:01:18,16.66,62.73,BuildingB_Floor1,TypeC
1014,2025-04-04 01:30:08,17.85,67.22,BuildingB_Floor1,TypeB
1052,2025-04-07 19:27:37,23.54,40.38,BuildingA_Floor1,TypeA
1066,2025-04-04 23:39:42,24.82,66.48,BuildingB_Floor1,TypeB
1090,2025-04-06 21:38:26,22.81,64.77,BuildingB_Floor2,TypeC
1095,2025-04-07 09:30:05,28.57,36.17,BuildingB_Floor2,TypeA
1056,2025-04-08 15:23:46,30.93,36.55,BuildingA_Floor2,TypeA
1060,2025-04-08 16:14:29,28.48,64.97,BuildingB_Floor1,TypeC
1054,2025-04-07 12:04:10,32.06,65.03,BuildingB_Floor1,TypeA
1006,2025-04-07 02:08:08,17.0,47.71,BuildingB_Floor1,TypeC
1096,2025-04-03 19:25:27,16.24,66.98,BuildingA_Floor1,TypeB
1068,2025-04-08 03:41:37,18.87,41.32,BuildingB_Floor1,TypeB
1078,2025-04-06 08:57:43,18.12,78.22,BuildingB_Floor1,TypeC
1089,2025-04-06 17:33:17,29.72,50.86,BuildingA_Floor1,TypeC
1078,2025-04-05 09:58:21,34.35,42.89,BuildingA_Floor1,TypeB
1001,2025-04-05 00:29:25,34.7,56.64,BuildingB_Floor2,TypeA
1071,2025-04-03 20:49:58,19.62,53.83,BuildingB_Floor2,TypeA
1043,2025-04-08 10:48:12,30.37,37.79,BuildingB_Floor2,TypeB
1012,2025-04-07 03:21:56,26.43,57.7,BuildingA_Floor2,TypeA
1006,2025-04-07 11:00:33,21.75,47.44,BuildingA_Floor2,TypeA
1034,2025-04-06 20:03:15,20.72,70.94,BuildingB_Floor2,TypeB
1011,2025-04-04 14:00:14,17.82,72.13,BuildingB_Floor1,TypeB
1067,2025-04-06 18:26:53,31.96,36.65,BuildingB_Floor1,TypeC
1006,2025-04-05 12:42:50,30.33,54.5,BuildingA_Floor2,TypeC
1022,2025-04-05 20:18:45,19.26,47.77,BuildingB_Floor2,TypeC
1036,2025-04-07 16:29:18,31.21,37.11,BuildingB_Floor2,TypeA
1014,2025-04-05 19:47:30,23.92,57.71,BuildingB_Floor2,TypeA
1023,2025-04-08 07:26:50,28.87,39.35,BuildingA_Floor1,TypeA
1060,2025-04-04 08:13:14,16.23,77.37,BuildingA_Floor1,TypeA
1057,2025-04-07 12:03:56,29.16,55.55,BuildingA_Floor2,TypeB
1047,2025-04-06 15:51:36,24.28,70.85,BuildingB_Floor2,TypeA
1070,2025-04-04 05:07:52,29.31,62.4,BuildingB_Floor1,TypeA
1008,2025-04-04 10:00:45,30.52,47.9,BuildingA_Floor1,TypeB
1013,2025-04-07 22:09:13,16.74,70.56,BuildingA_Floor1,TypeC
1086,2025-04-04 02:35:09,29.31,30.61,BuildingA_Floor2,TypeC
1044,2025-04-04 21:29:31,21.43,65.76,BuildingB_Floor1,TypeC
1043,2025-04-05 17:21:04,28.86,79.31,BuildingA_Floor2,TypeA
1015,2025-04-05 11:35:05,21.72,51.12,BuildingA_Floor2,TypeC
1094,2025-04-06 14:33:41,15.38,44.89,BuildingA_Floor1,TypeC
1095,2025-04-06 22:34:45,19.97,52.79,BuildingB_Floor2,TypeB
1063,2025-04-04 18:43:30,20.84,71.12,BuildingA_Floor1,TypeC
1018,2025-04-05 14:51:14,23.92,30.31,BuildingB_Floor2,TypeB
1098,2025-04-04 03:38:05,22.85,37.35,BuildingB_Floor2,TypeC
1092,2025-04-08 08:32:03,27.74,62.03,BuildingA_Floor1,TypeC
1100,2025-04-05 09:03:11,18.53,37.71,BuildingA_Floor2,TypeA
1036,2025-04-07 07:49:53,23.02,32.7,BuildingB_Floor2,TypeB
1004,2025-04-08 10:24:21,17.33,41.04,BuildingA_Floor2,TypeB
1017,2025-04-03 20:26:37,15.84,58.27,BuildingA_Floor2,TypeA
1013,2025-04-07 01:24:15,21.31,64.96,BuildingB_Floor2,TypeA
1069,2025-04-08 03:07:15,28.45,40.59,BuildingB_Floor2,TypeB
1072,2025-04-04 20:38:53,33.92,50.3,BuildingA_Floor1,TypeA
1049,2025-04-08 10:35:56,28.31,60.68,BuildingA_Floor2,TypeB
1088,2025-04-05 17:58:01,16.02,75.5,BuildingA_Floor2,TypeB
1093,2025-04-07 23:22:47,31.53,53.55,BuildingA_Floor1,TypeA
1090,2025-04-04 06:21:36,22.72,68.17,BuildingA_Floor2,TypeA
1073,2025-04-05 07:40:21,24.54,31.14,BuildingA_Floor1,TypeB
1004,2025-04-06 08:02:58,25.91,59.92,BuildingB_Floor1,TypeA
1044,2025-04-07 19:08:20,21.11,70.91,BuildingA_Floor1,TypeB
1045,2025-04-08 10:32:21,23.38,79.19,BuildingA_Floor1,TypeC
1056,2025-04-05 17:06:32,31.94,76.48,BuildingA_Floor1,TypeB
1091,2025-04-07 08:38:13,28.7,36.56,BuildingA_Floor2,TypeA
1086,2025-04-04 11:18:01,31.87,71.87,BuildingA_Floor1,TypeB
1013,2025-04-04 20:54:44,33.14,33.91,BuildingB_Floor1,TypeA
1091,2025-04-08 16:01:06,20.07,70.35,BuildingA_Floor2,TypeB
1064,2025-04-03 23:47:00,16.85,61.7,BuildingB_Floor1,TypeB
1080,2025-04-06 22:55:24,29.47,32.94,BuildingA_Floor1,TypeA
1033,2025-04-05 21:28:59,26.23,77.85,BuildingB_Floor1,TypeA
1011,2025-04-04 19:08:55,19.86,40.76,BuildingB_Floor1,TypeC
1044,2025-04-07 02:20:05,32.27,60.61,BuildingB_Floor1,TypeC
1019,2025-04-07 16:54:14,34.64,38.83,BuildingA_Floor2,TypeC
1084,2025-04-07 13:27:14,24.6,45.59,BuildingA_Floor1,TypeA
1002,2025-04-05 11:25:54,31.68,45.8,BuildingA_Floor1,TypeC
1031,2025-04-07 10:52:06,17.77,72.74,BuildingA_Floor2,TypeB
1093,2025-04-07 18:15:38,26.43,33.59,BuildingB_Floor1,TypeC
1042,2025-04-06 13:17:06,21.3,72.71,BuildingA_Floor2,TypeC
1089,2025-04-07 10:50:57,21.99,73.3,BuildingB_Floor1,TypeC
1099,2025-04-04 10:23:49,23.66,55.98,BuildingA_Floor1,TypeC
1011,2025-04-04 13:50:31,27.95,60.68,BuildingB_Floor1,TypeA
1096,2025-04-04 15:10:07,29.56,48.6,BuildingA_Floor2,TypeB
1016,2025-04-06 03:10:01,23.73,45.29,BuildingA_Floor2,TypeC
1034,2025-04-07 17:04:52,28.15,62.81,BuildingA_Floor1,TypeA
1091,2025-04-06 06:50:47,19.51,71.83,BuildingA_Floor2,TypeC
1085,2025-04-06 17:46:43,18.02,33.62,BuildingB_Floor1,TypeB
1014,2025-04-08 14:56:19,34.56,67.82,BuildingA_Floor1,TypeB
1043,2025-04-04 05:18:34,18.37,62.61,BuildingA_Floor2,TypeC
1007,2025-04-07 12:05:37,25.96,57.95,BuildingB_Floor2,TypeC
1022,2025-04-06 04:22:38,31.99,73.75,BuildingA_Floor2,TypeC
1092,2025-04-05 09:13:10,33.4,65.73,BuildingB_Floor1,TypeA
1064,2025-04-06 13:48:44,22.67,36.57,BuildingB_Floor2,TypeA
1077,2025-04-06 07:06:33,23.17,78.22,BuildingB_Floor2,TypeA
1044,2025-04-08 13:52:06,34.14,69.37,BuildingB_Floor2,TypeA
1031,2025-04-05 14:48:25,24.66,34.57,BuildingB_Floor2,TypeA
1054,2025-04-06 03:19:04,21.09,78.36,BuildingB_Floor2,TypeC
1095,2025-04-05 10:50:05,27.47,67.49,BuildingB_Floor1,TypeA
1092,2025-04-06 22:55:02,18.56,39.61,BuildingB_Floor1,TypeA
1065,2025-04-07 19:22:38,17.88,34.22,BuildingB_Floor1,TypeA
1030,2025-04-04 14:08:34,30.59,77.76,BuildingA_Floor2,TypeB
1089,2025-04-06 21:01:22,24.85,75.12,BuildingA_Floor1,TypeA
1052,2025-04-05 04:54:48,30.65,58.46,BuildingA_Floor2,TypeA
1097,2025-04-06 01:42:28,17.08,65.16,BuildingA_Floor1,TypeC
1086,2025-04-06 17:41:19,24.76,34.9,BuildingA_Floor2,TypeA
1024,2025-04-06 10:45:11,23.56,44.08,BuildingA_Floor2,TypeA
1042,2025-04-06 10:08:48,22.86,69.95,BuildingA_Floor1,TypeB
1014,2025-04-04 19:37:42,19.85,74.13,BuildingA_Floor1,TypeA
1064,2025-04-05 00:23:39,22.39,48.04,BuildingB_Floor1,TypeB
1017,2025-04-04 14:38:39,33.46,73.69,BuildingA_Floor1,TypeB
1026,2025-04-08 00:52:49,33.71,64.67,BuildingB_Floor2,TypeC
1082,2025-04-04 03:52:49,25.28,39.12,BuildingA_Floor1,TypeB
1043,2025-04-07 18:42:44,26.72,56.28,BuildingB_Floor2,TypeC
1000,2025-04-08 16:42:06,20.2,36.3,BuildingB_Floor1,TypeB
1051,2025-04-05 23:08:51,24.7,79.08,BuildingB_Floor2,TypeC
1045,2025-04-07 05:58:59,28.54,69.36,BuildingB_Floor1,TypeB
1005,2025-04-06 17:42:00,25.74,45.59,BuildingB_Floor2,TypeA
1064,2025-04-05 19:54:38,30.13,74.09,BuildingA_Floor1,TypeA
1072,2025-04-04 15:44:21,22.76,54.47,BuildingB_Floor2,TypeA
1031,2025-04-05 20:42:36,20.67,38.73,BuildingB_Floor1,TypeC
1080,2025-04-05 13:55:17,32.22,74.78,BuildingA_Floor2,TypeB
1064,2025-04-08 07:43:49,25.67,79.8,BuildingB_Floor2,TypeA
1080,2025-04-06 04:51:40,16.06,39.14,BuildingB_Floor2,TypeA
1091,2025-04-08 16:56:19,32.57,66.32,BuildingA_Floor2,TypeA
1081,2025-04-05 02:37:59,16.45,55.98,BuildingB_Floor2,TypeB
1076,2025-04-08 14:34:06,22.53,64.38,BuildingA_Floor1,TypeB
1020,2025-04-06 19:04:48,29.41,42.88,BuildingA_Floor1,TypeA
1031,2025-04-07 02:18:41,29.94,44.95,BuildingA_Floor2,TypeC
1069,2025-04-04 22:17:39,29.35,68.81,BuildingA_Floor1,TypeC
1015,2025-04-04 10:14:44,19.77,74.62,BuildingA_Floor2,TypeC
1099,2025-04-07 02:36:04,23.5,51.62,BuildingB_Floor2,TypeA
1016,2025-04-07 15:47:08,33.24,37.92,BuildingB_Floor2,TypeB
1065,2025-04-05 17:50:04,18.11,59.35,BuildingA_Floor2,TypeC
1097,2025-04-08 16:10:40,15.4,35.5,BuildingA_Floor2,TypeC
1002,2025-04-06 10:38:01,19.94,42.76,BuildingB_Floor1,TypeC
1022,2025-04-07 14:18:24,26.73,39.74,BuildingA_Floor1,TypeC
1061,2025-04-05 19:39:40,16.93,32.4,BuildingA_Floor2,TypeA
1084,2025-04-07 03:48:06,23.42,73.55,BuildingA_Floor1,TypeB
1052,2025-04-04 05:53:48,32.17,36.74,BuildingA_Floor1,TypeC
1034,2025-04-03 20:42:09,28.04,51.84,BuildingB_Floor2,TypeA
1003,2025-04-06 02:58:37,15.5,50.84,BuildingA_Floor1,TypeA
1052,2025-04-06 03:04:58,32.87,75.12,BuildingA_Floor2,TypeB
1040,2025-04-07 17:06:17,22.66,53.9,BuildingA_Floor1,TypeB
1060,2025-04-08 02:30:22,22.51,44.86,BuildingA_Floor2,TypeC
1016,2025-04-04 18:08:42,32.8,41.73,BuildingB_Floor2,TypeB
1068,2025-04-07 09:48:18,16.94,39.14,BuildingB_Floor1,TypeC
1093,2025-04-04 22:52:13,30.75,31.36,BuildingA_Floor2,TypeC
1002,2025-04-08 03:11:32,29.09,62.36,BuildingA_Floor1,TypeC
1085,2025-04-03 18:28:00,26.36,69.98,BuildingA_Floor1,TypeC
1053,2025-04-04 19:10:07,15.47,50.22,BuildingA_Floor1,TypeC
1070,2025-04-03 18:50:46,25.18,72.59,BuildingB_Floor2,TypeB
1084,2025-04-07 21:37:19,17.69,40.69,BuildingB_Floor1,TypeA
1026,2025-04-04 17:58:29,18.93,63.72,BuildingA_Floor1,TypeC
1058,2025-04-06 15:40:27,20.28,31.72,BuildingB_Floor2,TypeB
1041,2025-04-04 21:31:50,29.98,59.96,BuildingB_Floor2,TypeB
1099,2025-04-08 01:04:38,26.93,51.11,BuildingB_Floor1,TypeC
1072,2025-04-07 11:15:32,17.34,77.05,BuildingB_Floor2,TypeB
1061,2025-04-06 23:02:58,16.63,30.47,BuildingA_Floor2,TypeB
1028,2025-04-07 18:47:32,17.03,34.31,BuildingB_Floor2,TypeA
1063,2025-04-05 17:46:38,19.7,53.26,BuildingB_Floor1,TypeB
1000,2025-04-07 18:43:35,23.24,66.39,BuildingA_Floor1,TypeB
1034,2025-04-06 01:48:30,31.33,69.76,BuildingA_Floor2,TypeA
1081,2025-04-05 06:59:29,22.13,55.77,BuildingA_Floor2,TypeB
1034,2025-04-06 23:58:06,34.92,63.86,BuildingA_Floor1,TypeA
1044,2025-04-04 09:47:04,17.66,54.97,BuildingA_Floor1,TypeB
1004,2025-04-05 19:24:28,19.15,48.65,BuildingB_Floor2,TypeC
1025,2025-04-06 04:54:34,22.02,39.94,BuildingB_Floor2,TypeB
1002,2025-04-08 11:07:21,33.83,51.85,BuildingB_Floor2,TypeB
1078,2025-04-03 20:58:27,16.85,52.45,BuildingA_Floor1,TypeB
1068,2025-04-08 03:48:06,21.79,69.86,BuildingB_Floor2,TypeA
1099,2025-04-05 18:24:26,17.87,32.16,BuildingB_Floor2,TypeA
1075,2025-04-04 23:57:27,19.62,37.9,BuildingA_Floor1,TypeC
1030,2025-04-06 19:57:20,15.56,73.49,BuildingA_Floor2,TypeA
1058,2025-04-04 19:17:22,23.52,56.58,BuildingA_Floor1,TypeA
1067,2025-04-07 07:22:04,15.49,30.32,BuildingA_Floor1,TypeA
1004,2025-04-04 15:05:26,26.29,62.95,BuildingB_Floor2,TypeC
1079,2025-04-06 06:27:23,21.69,78.83,BuildingB_Floor1,TypeA
1003,2025-04-05 13:56:38,23.16,35.96,BuildingA_Floor1,TypeB
1052,2025-04-05 15:00:36,19.79,33.95,BuildingB_Floor1,TypeB
1089,2025-04-05 06:06:09,18.93,63.95,BuildingB_Floor1,TypeB
1031,2025-04-08 15:46:53,29.78,79.83,BuildingB_Floor2,TypeA
1061,2025-04-04 23:16:59,19.37,59.36,BuildingA_Floor1,TypeB
1039,2025-04-08 15:18:45,16.71,63.35,BuildingB_Floor1,TypeA
1079,2025-04-06 05:06:39,21.94,60.87,BuildingB_Floor2,TypeB
1099,2025-04-04 21:00:53,23.93,55.57,BuildingB_Floor1,TypeB
1016,2025-04-04 15:04:47,27.99,40.48,BuildingA_Floor2,TypeC
1002,2025-04-08 02:38:15,17.99,31.07,BuildingA_Floor1,TypeB
1031,2025-04-08 12:06:00,28.72,34.15,BuildingA_Floor1,TypeB
1082,2025-04-06 22:43:16,25.86,35.44,BuildingA_Floor2,TypeC
1037,2025-04-08 01:18:26,25.3,40.87,BuildingB_Floor2,TypeB
1099,2025-04-08 12:02:29,31.6,68.16,BuildingA_Floor1,TypeA
1009,2025-04-08 13:52:37,24.48,69.8,BuildingA_Floor2,TypeC
1092,2025-04-07 18:29:45,21.3,40.66,BuildingB_Floor2,TypeB
1081,2025-04-04 16:12:35,17.47,63.73,BuildingB_Floor2,TypeA
1096,2025-04-07 07:49:01,34.81,66.12,BuildingA_Floor1,TypeB
1057,2025-04-07 08:17:02,18.61,54.11,BuildingA_Floor1,TypeB
1066,2025-04-07 02:31:35,18.59,79.09,BuildingB_Floor1,TypeA
1029,2025-04-05 20:31:47,32.53,60.33,BuildingB_Floor1,TypeA
1069,2025-04-07 17:21:08,18.07,38.58,BuildingA_Floor2,TypeA
1080,2025-04-03 20:33:27,32.2,39.22,BuildingA_Floor1,TypeC
1030,2025-04-05 20:50:25,34.78,48.51,BuildingB_Floor2,TypeA
1047,2025-04-07 21:13:18,17.27,42.26,BuildingB_Floor2,TypeA
1040,2025-04-07 01:24:15,21.32,31.67,BuildingA_Floor1,TypeA
1094,2025-04-07 07:10:43,33.8,59.45,BuildingA_Floor1,TypeB
1083,2025-04-07 14:06:30,21.82,44.74,BuildingA_Floor1,TypeB
1054,2025-04-05 09:04:15,34.49,76.03,BuildingB_Floor2,TypeC
1092,2025-04-05 13:03:11,30.16,55.55,BuildingA_Floor1,TypeA
1022,2025-04-04 22:15:05,31.67,52.66,BuildingB_Floor1,TypeB
1010,2025-04-05 06:48:29,21.49,51.55,BuildingB_Floor1,TypeA
1044,2025-04-05 20:48:27,24.03,57.74,BuildingB_Floor2,TypeB
1013,2025-04-04 11:29:15,32.31,77.69,BuildingB_Floor1,TypeB
1023,2025-04-05 19:54:32,28.1,76.12,BuildingA_Floor1,TypeA
1058,2025-04-04 02:25:14,24.9,63.66,BuildingB_Floor2,TypeA
1000,2025-04-06 12:36:17,34.18,74.68,BuildingB_Floor2,TypeB
1088,2025-04-07 23:42:49,24.12,46.67,BuildingB_Floor1,TypeA
1052,2025-04-04 15:26:58,15.43,70.88,BuildingB_Floor2,TypeC
1048,2025-04-04 21:57:07,28.53,77.57,BuildingB_Floor1,TypeB
1069,2025-04-06 00:13:32,29.91,30.57,BuildingB_Floor2,TypeC
1003,2025-04-06 10:11:58,20.17,39.84,BuildingA_Floor1,TypeC
1044,2025-04-07 09:22:20,33.97,57.29,BuildingB_Floor1,TypeC
1070,2025-04-06 11:15:06,34.29,34.32,BuildingA_Floor2,TypeA
1060,2025-04-03 22:37:10,26.42,48.81,BuildingA_Floor2,TypeA
1040,2025-04-05 04:50:18,34.6,69.47,BuildingA_Floor2,TypeA
1086,2025-04-06 01:25:12,24.68,66.26,BuildingB_Floor2,TypeB
1080,2025-04-07 12:27:40,16.51,64.31,BuildingA_Floor1,TypeA
1093,2025-04-03 21:29:04,18.8,46.69,BuildingA_Floor2,TypeC
1072,2025-04-06 17:07:20,33.46,43.73,BuildingB_Floor1,TypeB
1085,2025-04-08 05:18:22,25.53,52.36,BuildingA_Floor2,TypeA
1074,2025-04-04 02:58:17,16.73,51.39,BuildingA_Floor2,TypeA
1020,2025-04-06 18:47:02,21.83,56.34,BuildingA_Floor2,TypeC
1094,2025-04-06 11:42:59,21.33,47.22,BuildingB_Floor1,TypeC
1072,2025-04-07 12:57:28,21.0,63.82,BuildingB_Floor2,TypeA
1052,2025-04-05 01:13:52,22.38,62.03,BuildingA_Floor1,TypeC
1018,2025-04-05 01:23:30,26.62,71.98,BuildingA_Floor1,TypeC
1075,2025-04-06 04:50:40,20.34,75.81,BuildingB_Floor2,TypeB
1087,2025-04-06 12:37:18,34.34,46.05,BuildingA_Floor2,TypeA
1052,2025-04-04 21:31:11,17.19,57.11,BuildingA_Floor1,TypeB
1047,2025-04-04 05:17:07,23.55,47.37,BuildingB_Floor1,TypeB
1076,2025-04-06 04:27:51,29.38,42.64,BuildingB_Floor2,TypeC
1074,2025-04-07 16:27:48,16.62,54.71,BuildingA_Floor1,TypeB
1064,2025-04-07 08:44:54,25.28,61.07,BuildingB_Floor1,TypeA
1011,2025-04-04 05:28:23,33.02,46.87,BuildingA_Floor1,TypeC
1076,2025-04-06 14:41:04,28.52,65.28,BuildingB_Floor1,TypeC
1004,2025-04-08 00:57:35,22.67,32.18,BuildingB_Floor1,TypeA
1092,2025-04-06 10:01:39,24.93,46.09,BuildingA_Floor2,TypeA
1090,2025-04-06 09:08:55,23.73,79.98,BuildingB_Floor1,TypeB
1019,2025-04-07 09:56:22,28.34,75.29,BuildingA_Floor1,TypeA
1052,2025-04-06 11:35:06,32.64,42.9,BuildingB_Floor2,TypeC
1050,2025-04-06 12:49:46,18.47,43.28,BuildingB_Floor1,TypeB
1009,2025-04-04 11:53:02,16.14,46.24,BuildingA_Floor2,TypeC
1059,2025-04-05 21:55:33,34.94,38.98,BuildingA_Floor1,TypeB
1061,2025-04-04 14:33:09,21.82,60.48,BuildingA_Floor2,TypeB
1095,2025-04-05 13:40:27,26.52,42.11,BuildingB_Floor2,TypeB
1006,2025-04-04 21:36:14,15.21,78.77,BuildingB_Floor1,TypeA
1045,2025-04-04 04:33:50,25.45,54.57,BuildingA_Floor1,TypeA
1080,2025-04-07 07:26:23,31.51,75.22,BuildingB_Floor1,TypeB
1088,2025-04-05 19:39:01,28.78,65.15,BuildingA_Floor1,TypeB
1078,2025-04-04 14:34:22,24.28,43.89,BuildingB_Floor2,TypeB
1052,2025-04-06 23:15:17,18.5,66.97,BuildingA_Floor1,TypeA
1042,2025-04-05 10:47:27,29.21,60.77,BuildingA_Floor1,TypeB
1040,2025-04-04 06:55:11,31.12,60.85,BuildingB_Floor2,TypeC
1032,2025-04-04 05:37:04,27.05,79.8,BuildingB_Floor1,TypeA
1078,2025-04-06 14:35:04,34.93,74.09,BuildingB_Floor2,TypeB
1100,2025-04-06 12:34:46,34.16,47.22,BuildingA_Floor2,TypeA
1016,2025-04-03 21:45:38,20.79,31.33,BuildingB_Floor2,TypeA
1095,2025-04-04 01:08:39,19.23,35.92,BuildingA_Floor2,TypeC
1061,2025-04-05 01:46:31,26.76,69.99,BuildingB_Floor1,TypeB
1023,2025-04-05 16:08:04,32.95,54.37,BuildingB_Floor2,TypeB
1086,2025-04-07 02:09:40,33.83,52.46,BuildingB_Floor2,TypeB
1011,2025-04-04 15:34:16,16.4,64.96,BuildingA_Floor1,TypeB
1045,2025-04-04 07:16:20,25.84,41.94,BuildingA_Floor1,TypeA
1093,2025-04-06 19:51:03,32.75,64.19,BuildingB_Floor2,TypeB
1067,2025-04-07 16:14:25,30.58,63.42,BuildingA_Floor2,TypeB
1064,2025-04-07 22:39:32,29.58,68.1,BuildingA_Floor1,TypeA
1057,2025-04-06 06:33:46,23.67,35.57,BuildingB_Floor1,TypeB
1005,2025-04-07 06:08:28,23.65,68.87,BuildingB_Floor2,TypeC
1023,2025-04-08 08:52:47,33.1,46.77,BuildingB_Floor1,TypeA
1009,2025-04-03 20:02:41,23.21,48.65,BuildingA_Floor2,TypeA
1022,2025-04-07 04:02:44,20.1,71.09,BuildingB_Floor2,TypeC
1088,2025-04-05 13:50:51,30.96,78.63,BuildingA_Floor1,TypeA
1028,2025-04-05 21:25:28,19.6,54.95,BuildingB_Floor2,TypeC
1010,2025-04-06 09:37:06,34.84,39.94,BuildingB_Floor1,TypeA
1021,2025-04-08 07:26:04,34.41,40.94,BuildingB_Floor2,TypeB
1028,2025-04-04 09:08:59,25.41,60.41,BuildingB_Floor2,TypeB
1074,2025-04-08 03:40:20,29.21,64.16,BuildingB_Floor1,TypeC
1009,2025-04-08 11:20:58,22.3,60.31,BuildingA_Floor1,TypeB
1056,2025-04-03 23:51:05,31.31,41.08,BuildingA_Floor1,TypeC
1078,2025-04-06 10:09:48,34.79,60.7,BuildingB_Floor1,TypeC
1045,2025-04-05 14:43:44,18.46,52.37,BuildingA_Floor1,TypeC
1012,2025-04-08 07:14:53,25.15,39.92,BuildingA_Floor2,TypeB
1062,2025-04-04 20:24:58,23.5,52.36,BuildingA_Floor1,TypeB
1046,2025-04-04 11:15:12,28.24,57.91,BuildingA_Floor1,TypeB
1091,2025-04-08 01:08:04,23.16,34.05,BuildingB_Floor1,TypeB
1047,2025-04-04 06:34:47,32.29,67.48,BuildingA_Floor2,TypeA
1024,2025-04-06 06:38:45,16.43,70.87,BuildingA_Floor1,TypeA
1005,2025-04-06 04:25:44,19.76,78.18,BuildingA_Floor1,TypeB
1037,2025-04-04 06:29:18,27.55,35.31,BuildingA_Floor1,TypeA
1060,2025-04-03 23:49:39,22.82,34.13,BuildingA_Floor1,TypeA
1039,2025-04-07 02:36:43,15.3,35.99,BuildingB_Floor1,TypeC
1087,2025-04-04 06:06:20,29.49,47.22,BuildingA_Floor1,TypeA
1099,2025-04-07 10:32:43,32.9,54.99,BuildingA_Floor1,TypeA
1075,2025-04-04 18:04:06,19.4,48.26,BuildingB_Floor2,TypeA
1052,2025-04-04 06:02:29,34.52,32.43,BuildingB_Floor1,TypeA
1020,2025-04-04 16:03:25,18.17,38.07,BuildingB_Floor2,TypeA
1000,2025-04-08 13:46:45,34.48,30.76,BuildingA_Floor2,TypeA
1058,2025-04-08 12:35:20,28.15,69.29,BuildingA_Floor1,TypeC
1053,2025-04-05 16:12:55,28.1,67.21,BuildingA_Floor1,TypeC
1081,2025-04-07 20:14:21,22.49,30.06,BuildingA_Floor1,TypeC
1046,2025-04-05 14:50:42,27.18,47.15,BuildingB_Floor2,TypeB
1051,2025-04-05 13:58:23,18.21,67.2,BuildingA_Floor1,TypeC
1056,2025-04-07 20:09:39,26.4,71.12,BuildingA_Floor1,TypeB
1030,2025-04-07 20:22:38,17.49,70.65,BuildingB_Floor1,TypeB
1076,2025-04-05 01:57:47,32.66,47.2,BuildingA_Floor2,TypeA
1063,2025-04-05 14:29:33,27.38,75.57,BuildingB_Floor2,TypeB
1025,2025-04-07 02:42:54,32.8,31.99,BuildingB_Floor2,TypeA
1005,2025-04-06 08:17:13,32.62,73.4,BuildingA_Floor1,TypeC
1083,2025-04-05 23:38:42,27.85,74.17,BuildingA_Floor2,TypeC
1014,2025-04-07 05:05:49,34.82,31.68,BuildingB_Floor1,TypeA
1028,2025-04-05 17:21:58,27.54,49.42,BuildingB_Floor2,TypeA
1023,2025-04-04 00:12:30,15.72,48.23,BuildingB_Floor2,TypeA
1066,2025-04-04 02:40:56,27.24,36.25,BuildingA_Floor2,TypeB
1062,2025-04-05 08:48:54,15.89,68.59,BuildingB_Floor1,TypeB
1031,2025-04-05 09:48:32,19.36,65.49,BuildingB_Floor2,TypeB
1073,2025-04-05 20:01:26,20.41,65.53,BuildingB_Floor1,TypeB
1027,2025-04-06 05:50:23,17.28,59.66,BuildingB_Floor2,TypeC
1072,2025-04-08 07:49:09,33.76,35.04,BuildingB_Floor2,TypeB
1055,2025-04-08 07:46:47,33.92,67.45,BuildingB_Floor1,TypeC
1024,2025-04-04 11:38:04,26.99,76.43,BuildingB_Floor1,TypeA
