sensor_id,timestamp,temperature,humidity,location,sensor_type
1001,2025-04-05 12:01:57,15.28,72.2,BuildingB_Floor2,TypeB
1052,2025-04-08 04:58:36,16.67,54.16,BuildingA_Floor2,TypeA
1055,2025-04-04 12:24:10,32.43,36.13,BuildingA_Floor1,TypeA
1017,2025-04-07 18:10:26,20.19,71.19,BuildingA_Floor2,TypeA
1099,2025-04-07 19:49:35,33.85,70.13,BuildingA_Floor1,TypeA
1039,2025-04-07 05:03:08,18.48,32.08,BuildingA_Floor1,TypeB
1094,2025-04-08 15:58:51,33.19,47.74,BuildingA_Floor2,TypeB
1048,2025-04-08 03:25:31,33.3,39.97,BuildingA_Floor2,TypeA
1080,2025-04-03 18:27:04,21.96,34.95,BuildingA_Floor2,TypeA
1002,2025-04-04 22:35:20,22.86,58.14,BuildingB_Floor2,TypeA
1015,2025-04-07 13:37:47,27.65,38.62,BuildingB_Floor1,TypeB
1031,2025-04-05 15:15:20,15.6,35.1,BuildingA_Floor1,TypeC
1019,2025-04-07 20:41:58,23.34,61.91,BuildingB_Floor2,TypeC
1098,2025-04-07 01:43:02,30.96,40.22,BuildingB_Floor2,TypeB
1081,2025-04-04 14:27:06,23.29,75.24,BuildingB_Floor2,TypeC
1011,2025-04-05 17:17:26,28.94,40.04,BuildingA_Floor1,TypeC
1051,2025-04-06 14:27:15,32.8,56.45,BuildingB_Floor1,TypeC
1000,2025-04-05 16:51:11,28.21,73.3,BuildingB_Floor2,TypeB
1097,2025-04-04 16:56:42,23.67,44.35,BuildingB_Floor2,TypeB
1070,2025-04-05 05:01:50,25.1,35.23,BuildingA_Floor2,TypeA
1039,2025-04-05 14:25:12,23.29,32.36,BuildingB_Floor1,TypeA
1035,2025-04-07 07:06:40,18.15,46.81,BuildingA_Floor1,TypeC
1016,2025-04-06 00:51:45,22.62,36.53,BuildingA_Floor1,TypeC
1032,2025-04-06 01:47:26,20.71,56.73,BuildingA_Floor2,TypeB
1070,2025-04-06 03:11:42,22.55,71.57,BuildingB_Floor1,TypeC
1096,2025-04-08 06:33:41,24.99,70.08,BuildingB_Floor1,TypeB
1062,2025-04-08 05:30:40,30.49,78.36,BuildingB_Floor2,TypeC
1089,2025-04-03 20:02:14,29.02,54.17,BuildingB_Floor1,TypeA
1094,2025-04-03 23:02:16,20.36,58.83,BuildingA_Floor1,TypeC
1070,2025-04-06 15:41:29,24.19,77.0,BuildingA_Floor1,TypeA
1085,2025-04-05 08:23:45,20.17,42.51,BuildingA_Floor1,TypeA
1002,2025-04-05 08:06:08,32.06,42.66,BuildingA_Floor1,TypeB
1006,2025-04-07 11:41:22,31.65,50.91,BuildingA_Floor2,TypeC
1091,2025-04-08 02:10:01,15.17,56.37,BuildingA_Floor2,TypeA
1050,2025-04-08 15:40:52,22.08,38.93,BuildingA_Floor1,TypeB
1022,2025-04-06 20:02:43,34.02,34.36,BuildingA_Floor2,TypeB
1061,2025-04-07 09:55:00,25.64,77.31,BuildingB_Floor1,TypeA
1080,2025-04-06 06:29:46,18.98,69.6,BuildingA_Floor1,TypeC
1051,2025-04-06 00:59:03,33.6,53.56,BuildingA_Floor1,TypeB
1077,2025-04-08 13:42:16,25.21,78.19,BuildingA_Floor1,TypeA
1076,2025-04-03 22:21:31,23.69,57.42,BuildingA_Floor1,TypeB
1005,2025-04-06 23:06:24,29.79,44.11,BuildingA_Floor1,TypeC
1061,2025-04-05 23:16:40,27.29,39.49,BuildingA_Floor1,TypeA
1065,2025-04-03 18:18:48,23.33,37.05,BuildingB_Floor1,TypeA
1068,2025-04-06 11:40:53,32.16,77.13,BuildingA_Floor2,TypeB
1055,2025-04-07 19:46:21,31.09,45.9,BuildingA_Floor1,TypeA
1072,2025-04-07 17:04:20,30.24,50.51,BuildingB_Floor2,TypeA
1017,2025-04-04 17:55:55,29.17,63.58,BuildingA_Floor2,TypeB
1045,2025-04-05 02:00:19,26.86,63.45,BuildingB_Floor2,TypeA
1096,2025-04-04 20:00:35,20.06,68.03,BuildingA_Floor2,TypeA
1011,2025-04-04 03:49:51,27.77,47.19,BuildingB_Floor1,TypeC
1010,2025-04-04 22:56:24,34.73,79.0,BuildingA_Floor1,TypeA
1043,2025-04-08 08:59:30,34.68,69.73,BuildingA_Floor2,TypeB
1002,2025-04-04 17:41:42,27.67,46.04,BuildingB_Floor2,TypeC
1007,2025-04-04 01:45:28,20.9,53.3,BuildingB_Floor1,TypeC
1085,2025-04-08 16:12:56,25.21,51.06,BuildingB_Floor1,TypeB
1068,2025-04-05 11:53:27,18.27,70.05,BuildingA_Floor2,TypeA
1062,2025-04-06 02:50:42,17.96,35.17,BuildingA_Floor1,TypeA
1028,2025-04-06 21:40:31,27.74,66.99,BuildingB_Floor1,TypeB
1031,2025-04-04 17:21:34,20.8,44.4,BuildingA_Floor1,TypeA
1081,2025-04-07 15:34:59,22.84,30.96,BuildingB_Floor2,TypeC
1026,2025-04-04 04:59:14,34.14,31.56,BuildingA_Floor1,TypeA
1035,2025-04-08 07:17:31,24.91,41.34,BuildingB_Floor2,TypeA
1030,2025-04-08 14:55:43,31.75,70.2,BuildingA_Floor2,TypeC
1017,2025-04-05 05:41:51,30.18,65.57,BuildingB_Floor2,TypeC
1092,2025-04-05 17:14:26,17.4,39.19,BuildingA_Floor2,TypeB
1068,2025-04-06 12:35:41,29.36,31.82,BuildingB_Floor1,TypeA
1031,2025-04-05 11:02:13,28.52,30.53,BuildingA_Floor2,TypeB
1097,2025-04-07 19:01:13,17.65,44.5,BuildingB_Floor2,TypeB
1056,2025-04-04 12:42:17,17.7,58.8,BuildingB_Floor1,TypeB
1069,2025-04-08 06:36:46,19.1,66.1,BuildingA_Floor1,TypeC
1048,2025-04-07 06:45:46,29.16,34.45,BuildingB_Floor1,TypeB
1069,2025-04-07 05:37:36,18.59,45.01,BuildingA_Floor2,TypeB
1060,2025-04-06 06:42:42,21.74,41.3,BuildingB_Floor1,TypeB
1069,2025-04-06 17:22:04,22.96,37.57,BuildingA_Floor2,TypeB
1063,2025-04-03 19:29:48,22.2,34.11,BuildingA_Floor1,TypeA
1065,2025-04-05 00:47:59,33.69,76.55,BuildingA_Floor1,TypeC
1061,2025-04-07 14:07:12,33.5,36.59,BuildingA_Floor2,TypeC
1015,2025-04-03 22:45:45,15.71,75.49,BuildingA_Floor2,TypeC
1018,2025-04-05 17:59:50,21.1,47.54,BuildingB_Floor2,TypeB
1097,2025-04-07 06:28:44,20.45,51.55,BuildingB_Floor2,TypeB
1003,2025-04-05 02:06:26,20.96,37.69,BuildingB_Floor1,TypeA
1096,2025-04-04 12:18:37,29.07,79.84,BuildingA_Floor2,TypeA
1008,2025-04-07 16:21:32,34.17,37.74,BuildingB_Floor2,TypeC
1003,2025-04-07 21:48:13,34.06,40.63,BuildingB_Floor2,TypeA
1006,2025-04-05 14:07:50,32.11,61.19,BuildingB_Floor1,TypeB
1089,2025-04-05 08:15:38,21.93,48.43,BuildingA_Floor1,TypeC
1084,2025-04-03 18:32:58,23.82,46.33,BuildingA_Floor2,TypeA
1056,2025-04-06 20:22:39,19.03,66.48,BuildingB_Floor1,TypeA
1070,2025-04-07 06:09:53,30.14,51.05,BuildingB_Floor1,TypeC
1073,2025-04-04 02:21:59,19.3,50.56,BuildingA_Floor2,TypeA
1021,2025-04-08 14:21:51,28.5,63.62,BuildingA_Floor1,TypeC
1049,2025-04-06 00:08:24,15.41,79.11,BuildingA_Floor1,TypeC
1076,2025-04-04 16:30:12,28.92,61.54,BuildingA_Floor2,TypeA
1084,2025-04-04 18:58:53,21.94,42.72,BuildingA_Floor1,TypeA
1095,2025-04-06 09:39:59,17.93,40.22,BuildingB_Floor1,TypeB
1019,2025-04-04 02:55:52,19.62,61.86,BuildingB_Floor2,TypeA
1062,2025-04-05 01:31:00,17.89,60.26,BuildingA_Floor1,TypeC
1038,2025-04-04 16:10:14,30.85,61.04,BuildingB_Floor1,TypeB
1002,2025-04-07 16:16:24,29.36,47.69,BuildingB_Floor2,TypeB
1060,2025-04-04 11:31:40,26.8,64.65,BuildingB_Floor2,TypeC
1027,2025-04-05 01:31:07,29.93,56.45,BuildingB_Floor1,TypeC
1061,2025-04-05 11:47:19,30.54,76.76,BuildingB_Floor1,TypeA
1058,2025-04-06 13:07:42,34.89,70.21,BuildingB_Floor1,TypeB
1088,2025-04-04 12:51:58,27.35,66.17,BuildingA_Floor2,TypeB
1046,2025-04-04 05:48:35,31.69,32.29,BuildingA_Floor1,TypeC
1077,2025-04-07 11:57:11,15.65,32.46,BuildingA_Floor2,TypeC
1041,2025-04-03 22:18:17,19.99,35.61,BuildingB_Floor2,TypeC
1029,2025-04-05 12:02:30,22.12,44.32,BuildingA_Floor2,TypeA
1093,2025-04-08 11:52:04,16.65,47.21,BuildingA_Floor1,TypeA
1090,2025-04-03 18:14:55,28.65,55.75,BuildingB_Floor1,TypeC
1058,2025-04-06 09:17:43,16.48,49.0,BuildingA_Floor2,TypeA
1038,2025-04-04 04:41:07,32.42,75.48,BuildingB_Floor2,TypeB
1095,2025-04-05 02:14:05,34.24,64.56,BuildingA_Floor1,TypeC
1007,2025-04-06 14:34:31,16.93,39.44,BuildingB_Floor1,TypeA
1000,2025-04-05 01:48:15,15.6,72.93,BuildingA_Floor1,TypeB
1044,2025-04-04 02:14:08,23.91,53.52,BuildingA_Floor2,TypeC
1066,2025-04-06 05:11:08,24.87,54.77,BuildingB_Floor1,TypeA
1093,2025-04-05 06:39:33,23.77,76.94,BuildingB_Floor2,TypeC
1096,2025-04-07 12:55:25,27.14,74.85,BuildingA_Floor1,TypeB
1086,2025-04-04 07:57:45,30.41,40.9,BuildingB_Floor2,TypeA
1069,2025-04-03 21:06:05,31.86,56.13,BuildingB_Floor2,TypeB
1001,2025-04-03 17:01:40,21.8,72.82,BuildingB_Floor1,TypeC
1070,2025-04-04 06:15:37,21.49,34.15,BuildingB_Floor1,TypeC
1055,2025-04-08 01:35:07,24.32,40.69,BuildingA_Floor1,TypeB
1044,2025-04-07 23:50:03,16.79,52.7,BuildingA_Floor2,TypeB
1018,2025-04-03 21:46:03,25.49,64.23,BuildingB_Floor2,TypeC
1050,2025-04-07 19:25:43,23.09,42.95,BuildingA_Floor2,TypeA
1060,2025-04-06 01:51:37,22.92,64.76,BuildingB_Floor2,TypeB
1083,2025-04-05 14:46:35,22.98,35.44,BuildingA_Floor2,TypeB
1040,2025-04-05 03:10:18,32.73,61.74,BuildingB_Floor2,TypeB
1024,2025-04-06 06:43:07,33.14,76.5,BuildingB_Floor2,TypeA
1021,2025-04-07 18:23:21,15.64,51.75,BuildingA_Floor1,TypeA
1081,2025-04-03 18:17:52,19.3,53.1,BuildingA_Floor1,TypeB
1088,2025-04-06 05:17:33,28.56,45.5,BuildingA_Floor2,TypeB
1025,2025-04-07 11:25:30,27.17,54.92,BuildingB_Floor1,TypeC
1013,2025-04-03 21:19:32,22.21,45.43,BuildingA_Floor2,TypeC
1001,2025-04-07 08:58:26,23.77,55.54,BuildingB_Floor2,TypeB
1083,2025-04-05 16:08:04,22.2,41.43,BuildingA_Floor2,TypeC
1099,2025-04-04 14:38:36,33.23,33.08,BuildingB_Floor1,TypeB
1074,2025-04-07 20:33:56,24.9,67.81,BuildingB_Floor2,TypeC
1093,2025-04-06 14:23:20,25.55,71.42,BuildingA_Floor2,TypeC
1020,2025-04-03 22:30:51,30.2,52.43,BuildingA_Floor1,TypeC
1055,2025-04-04 08:03:27,32.87,76.87,BuildingA_Floor2,TypeC
1033,2025-04-06 08:51:32,33.44,58.7,BuildingB_Floor2,TypeA
1094,2025-04-08 12:50:15,24.25,70.72,BuildingB_Floor2,TypeB
1002,2025-04-06 03:33:39,24.95,48.91,BuildingB_Floor1,TypeA
1056,2025-04-08 14:31:40,23.53,54.91,BuildingB_Floor2,TypeB
1000,2025-04-05 13:24:49,27.53,45.23,BuildingA_Floor2,TypeB
1018,2025-04-07 12:48:38,30.03,54.58,BuildingB_Floor2,TypeC
1082,2025-04-04 23:51:55,22.35,41.5,BuildingA_Floor2,TypeB
1073,2025-04-07 00:02:17,19.6,32.37,BuildingB_Floor1,TypeA
1095,2025-04-06 16:31:40,22.15,54.9,BuildingA_Floor2,TypeC
1099,2025-04-07 01:12:20,16.12,74.32,BuildingA_Floor1,TypeB
1054,2025-04-08 09:36:25,32.46,49.17,BuildingA_Floor1,TypeA
1088,2025-04-05 02:12:48,34.79,77.47,BuildingB_Floor2,TypeC
1090,2025-04-07 18:21:24,29.83,69.62,BuildingA_Floor1,TypeC
1009,2025-04-05 21:57:58,19.38,46.81,BuildingA_Floor2,TypeA
1064,2025-04-07 17:32:33,25.95,48.83,BuildingB_Floor1,TypeB
1064,2025-04-05 20:04:01,33.64,30.36,BuildingA_Floor2,TypeC
1042,2025-04-07 07:14:29,34.7,34.65,BuildingB_Floor2,TypeA
1089,2025-04-06 22:45:59,23.03,36.89,BuildingA_Floor1,TypeC
1087,2025-04-06 02:57:15,29.2,70.01,BuildingB_Floor2,TypeC
1082,2025-04-06 23:38:48,33.08,64.05,BuildingA_Floor2,TypeC
1049,2025-04-04 12:29:41,32.21,68.18,BuildingA_Floor1,TypeA
1059,2025-04-05 08:12:39,25.96,45.79,BuildingB_Floor2,TypeB
1021,2025-04-06 14:13:01,33.91,49.55,BuildingB_Floor1,TypeB
1064,2025-04-06 09:43:00,28.3,33.04,BuildingB_Floor2,TypeB
1071,2025-04-07 22:25:22,28.07,71.42,BuildingB_Floor2,TypeB
1049,2025-04-04 17:31:20,33.79,53.28,BuildingB_Floor1,TypeB
1085,2025-04-07 22:52:02,27.13,30.65,BuildingA_Floor2,TypeA
1056,2025-04-05 01:46:50,17.25,79.32,BuildingB_Floor2,TypeB
1034,2025-04-06 00:02:42,22.36,41.27,BuildingA_Floor1,TypeB
1059,2025-04-04 11:04:47,20.32,78.75,BuildingA_Floor2,TypeC
1062,2025-04-07 09:21:14,33.59,47.19,BuildingA_Floor2,TypeA
1036,2025-04-05 04:52:22,33.22,54.19,BuildingB_Floor1,TypeC
1004,2025-04-06 00:00:33,28.41,36.36,BuildingB_Floor2,TypeC
1035,2025-04-08 05:45:11,18.2,71.95,BuildingB_Floor1,TypeB
1092,2025-04-04 23:38:01,25.06,40.32,BuildingB_Floor2,TypeC
1025,2025-04-06 02:58:42,17.88,51.7,BuildingA_Floor2,TypeB
1086,2025-04-08 06:06:29,18.93,37.75,BuildingB_Floor2,TypeA
1041,2025-04-04 11:46:46,19.39,50.38,BuildingB_Floor2,TypeC
1093,2025-04-06 23:39:27,21.21,64.58,BuildingA_Floor1,TypeA
1042,2025-04-04 21:10:04,20.33,35.49,BuildingB_Floor2,TypeA
1089,2025-04-07 07:49:02,19.26,71.69,BuildingB_Floor1,TypeA
1094,2025-04-06 12:30:35,31.99,70.98,BuildingB_Floor1,TypeC
1014,2025-04-05 18:10:14,21.14,74.73,BuildingA_Floor1,TypeA
1065,2025-04-04 19:58:01,25.11,49.77,BuildingA_Floor2,TypeC
1066,2025-04-04 14:23:00,28.84,39.07,BuildingB_Floor1,TypeB
1074,2025-04-07 20:36:52,15.75,30.56,BuildingB_Floor1,TypeA
1096,2025-04-06 11:57:40,15.09,59.39,BuildingB_Floor1,TypeC
1054,2025-04-05 23:09:17,33.36,30.28,BuildingB_Floor2,TypeB
1019,2025-04-03 22:52:30,26.81,34.92,BuildingB_Floor2,TypeA
1036,2025-04-05 05:18:46,21.89,47.86,BuildingA_Floor1,TypeB
1091,2025-04-05 03:36:33,22.88,45.3,BuildingA_Floor1,TypeA
1012,2025-04-04 15:38:41,17.23,42.57,BuildingB_Floor2,TypeA
1079,2025-04-04 05:31:05,15.18,45.06,BuildingA_Floor1,TypeB
1022,2025-04-03 23:02:02,26.04,45.03,BuildingA_Floor2,TypeC
1031,2025-04-04 18:10:29,16.78,66.16,BuildingA_Floor2,TypeC
1085,2025-04-04 15:53:53,23.23,68.52,BuildingA_Floor1,TypeC
1018,2025-04-06 05:05:37,28.67,46.24,BuildingB_Floor2,TypeB
1011,2025-04-04 23:01:46,33.33,76.54,BuildingB_Floor2,TypeA
1041,2025-04-08 01:01:02,20.52,63.95,BuildingA_Floor1,TypeB
1062,2025-04-04 22:55:44,26.62,50.48,BuildingB_Floor1,TypeC
1008,2025-04-05 17:23:06,33.26,78.97,BuildingB_Floor2,TypeC
1096,2025-04-08 07:08:45,16.41,41.66,BuildingA_Floor2,TypeC
1018,2025-04-08 06:37:08,24.03,33.76,BuildingB_Floor1,TypeB
1059,2025-04-07 19:20:27,18.79,32.46,BuildingB_Floor1,TypeB
1001,2025-04-08 13:00:23,17.99,69.6,BuildingB_Floor2,TypeB
1030,2025-04-08 02:41:15,32.73,75.54,BuildingB_Floor1,TypeC
1007,2025-04-05 00:44:29,15.35,67.67,BuildingB_Floor1,TypeB
1092,2025-04-07 12:17:23,21.61,70.71,BuildingB_Floor2,TypeC
1099,2025-04-08 15:15:24,33.04,69.58,BuildingA_Floor1,TypeC
1094,2025-04-05 00:00:41,29.25,43.74,BuildingB_Floor2,TypeA
1048,2025-04-04 07:13:23,16.29,46.41,BuildingB_Floor2,TypeB
1016,2025-04-07 18:44:31,23.76,71.37,BuildingA_Floor2,TypeA
1041,2025-04-04 04:43:27,27.26,74.31,BuildingB_Floor2,TypeC
1049,2025-04-07 15:27:34,22.69,49.91,BuildingB_Floor1,TypeB
1019,2025-04-04 00:07:56,18.14,52.01,BuildingB_Floor2,TypeA
1068,2025-04-04 02:59:45,18.2,45.35,BuildingA_Floor2,TypeA
1007,2025-04-05 03:04:35,21.35,76.33,BuildingB_Floor1,TypeB
1001,2025-04-04 03:43:48,25.76,67.69,BuildingB_Floor1,TypeA
1011,2025-04-07 02:48:52,23.3,62.61,BuildingB_Floor2,TypeA
1005,2025-04-08 06:51:20,21.05,74.6,BuildingB_Floor1,TypeB
1086,2025-04-08 13:42:46,28.01,43.95,BuildingA_Floor1,TypeC
1081,2025-04-05 18:23:58,23.41,60.12,BuildingA_Floor1,TypeB
1011,2025-04-07 04:56:08,32.18,73.46,BuildingA_Floor2,TypeC
1063,2025-04-06 06:37:40,29.16,78.05,BuildingA_Floor2,TypeA
1008,2025-04-06 12:42:04,29.1,66.63,BuildingB_Floor2,TypeA
1069,2025-04-07 04:55:10,18.39,69.25,BuildingA_Floor2,TypeA
1030,2025-04-03 17:00:44,21.19,36.74,BuildingB_Floor1,TypeA
1019,2025-04-07 10:58:05,15.36,55.56,BuildingB_Floor2,TypeC
1074,2025-04-07 23:04:12,18.79,65.42,BuildingA_Floor1,TypeB
1006,2025-04-08 07:36:34,24.02,78.69,BuildingB_Floor1,TypeB
1033,2025-04-08 13:22:40,20.57,68.32,BuildingA_Floor1,TypeC
1074,2025-04-07 16:26:31,15.78,65.7,BuildingA_Floor1,TypeC
1048,2025-04-05 03:11:06,17.07,58.76,BuildingA_Floor2,TypeA
1023,2025-04-05 07:51:30,25.02,70.71,BuildingA_Floor2,TypeA
1030,2025-04-06 20:27:39,29.45,57.14,BuildingA_Floor1,TypeB
1037,2025-04-05 19:52:32,26.24,73.78,BuildingA_Floor2,TypeA
1043,2025-04-06 09:44:44,30.03,49.34,BuildingA_Floor2,TypeB
1000,2025-04-05 02:40:01,18.73,63.7,BuildingB_Floor1,TypeB
1080,2025-04-07 06:01:11,18.68,52.33,BuildingA_Floor1,TypeC
1060,2025-04-07 16:38:19,15.78,62.43,BuildingA_Floor2,TypeB
1087,2025-04-08 16:53:42,21.06,64.66,BuildingB_Floor2,TypeA
1039,2025-04-07 01:30:34,24.77,64.89,BuildingB_Floor2,TypeB
1055,2025-04-05 02:32:55,16.68,61.4,BuildingA_Floor1,TypeA
1082,2025-04-05 20:11:31,17.28,45.07,BuildingA_Floor2,TypeB
1098,2025-04-04 18:06:41,30.16,75.59,BuildingB_Floor2,TypeB
1048,2025-04-04 16:22:47,28.04,39.57,BuildingA_Floor1,TypeB
1017,2025-04-05 06:15:52,31.33,55.07,BuildingB_Floor2,TypeC
1049,2025-04-07 21:12:44,22.23,57.65,BuildingB_Floor1,TypeC
1064,2025-04-03 18:14:25,31.57,61.79,BuildingA_Floor2,TypeC
1027,2025-04-07 17:34:34,20.47,34.42,BuildingA_Floor1,TypeA
1094,2025-04-05 01:54:25,28.9,55.12,BuildingA_Floor1,TypeC
1049,2025-04-07 19:55:32,33.45,63.29,BuildingB_Floor1,TypeC
1041,2025-04-06 11:03:26,34.82,37.58,BuildingB_Floor1,TypeC
1088,2025-04-05 06:40:36,16.13,54.39,BuildingB_Floor2,TypeA
1086,2025-04-08 16:42:46,32.0,77.19,BuildingB_Floor1,TypeB
1074,2025-04-04 22:16:01,21.55,69.36,BuildingB_Floor1,TypeC
1042,2025-04-06 23:24:03,25.61,57.52,BuildingA_Floor1,TypeA
1006,2025-04-04 01:35:30,23.76,52.42,BuildingB_Floor1,TypeA
1014,2025-04-05 19:28:08,17.6,73.01,BuildingB_Floor1,TypeB
1091,2025-04-04 21:36:14,15.65,63.49,BuildingB_Floor1,TypeA
1086,2025-04-08 08:27:29,15.11,46.83,BuildingA_Floor2,TypeB
1007,2025-04-06 01:59:33,31.3,45.58,BuildingB_Floor2,TypeC
1021,2025-04-04 02:03:24,15.47,68.95,BuildingA_Floor1,TypeB
1083,2025-04-05 12:10:15,32.28,37.1,BuildingA_Floor2,TypeA
1064,2025-04-04 02:17:17,33.01,57.54,BuildingA_Floor2,TypeC
1073,2025-04-04 15:16:57,18.61,50.55,BuildingA_Floor1,TypeB
1031,2025-04-06 17:58:08,19.78,54.45,BuildingB_Floor2,TypeB
1045,2025-04-06 08:05:23,19.12,41.66,BuildingB_Floor2,TypeC
1028,2025-04-04 16:15:07,20.92,79.91,BuildingB_Floor1,TypeA
1033,2025-04-06 10:57:44,33.53,63.82,BuildingB_Floor1,TypeB
1069,2025-04-06 04:08:05,30.44,39.64,BuildingB_Floor2,TypeC
1056,2025-04-06 18:03:02,20.14,66.09,BuildingB_Floor1,TypeB
1052,2025-04-05 16:55:14,17.21,53.69,BuildingA_Floor2,TypeA
1054,2025-04-06 07:02:32,31.3,62.76,BuildingA_Floor1,TypeB
1095,2025-04-07 08:58:43,28.44,67.58,BuildingA_Floor1,TypeA
1036,2025-04-08 14:13:46,33.98,53.65,BuildingB_Floor1,TypeC
1016,2025-04-04 21:29:19,32.37,30.08,BuildingB_Floor2,TypeA
1030,2025-04-04 16:53:38,17.63,72.32,BuildingB_Floor2,TypeB
1053,2025-04-08 06:57:35,25.18,67.38,BuildingB_Floor2,TypeC
1036,2025-04-08 12:26:49,20.54,43.58,BuildingB_Floor1,TypeB
1093,2025-04-04 00:45:08,24.09,73.91,BuildingA_Floor2,TypeA
1091,2025-04-03 18:52:14,28.21,73.95,BuildingB_Floor1,TypeC
1051,2025-04-06 06:29:41,17.94,30.08,BuildingA_Floor2,TypeA
1080,2025-04-07 23:34:55,21.64,37.18,BuildingA_Floor2,TypeA
1039,2025-04-08 03:22:29,20.55,60.37,BuildingB_Floor2,TypeB
1010,2025-04-06 07:21:54,16.29,60.09,BuildingB_Floor2,TypeA
1078,2025-04-06 22:12:04,25.81,69.31,BuildingB_Floor2,TypeB
1075,2025-04-05 13:58:35,22.95,76.31,BuildingA_Floor2,TypeB
1004,2025-04-04 09:01:04,26.55,41.04,BuildingB_Floor1,TypeC
1034,2025-04-08 15:21:23,19.97,42.33,BuildingB_Floor2,TypeA
1020,2025-04-05 05:05:47,18.53,78.42,BuildingA_Floor2,TypeA
1053,2025-04-08 12:29:24,24.14,64.92,BuildingA_Floor1,TypeC
1078,2025-04-05 20:17:41,25.58,54.7,BuildingA_Floor1,TypeA
1000,2025-04-08 14:30:48,20.74,73.55,BuildingA_Floor2,TypeB
1060,2025-04-04 15:07:30,32.31,37.6,BuildingA_Floor2,TypeC
1041,2025-04-04 14:48:18,21.77,38.02,BuildingB_Floor2,TypeC
1034,2025-04-04 05:55:27,29.44,75.53,BuildingB_Floor2,TypeA
1043,2025-04-08 02:53:31,18.48,71.29,BuildingA_Floor2,TypeB
1062,2025-04-06 00:02:02,22.55,37.91,BuildingB_Floor1,TypeC
1032,2025-04-08 01:08:34,33.79,78.18,BuildingA_Floor1,TypeC
1079,2025-04-04 15:13:07,21.35,42.83,BuildingB_Floor2,TypeA
1096,2025-04-06 19:24:26,22.09,38.21,BuildingA_Floor2,TypeB
1079,2025-04-07 07:33:51,28.69,67.08,BuildingB_Floor2,TypeB
1029,2025-04-08 16:39:28,22.87,63.53,BuildingB_Floor2,TypeC
1086,2025-04-05 21:13:26,34.25,78.63,BuildingB_Floor1,TypeB
1092,2025-04-07 09:25:07,20.96,43.9,BuildingB_Floor1,TypeB
1025,2025-04-04 02:53:27,30.18,45.31,BuildingA_Floor1,TypeA
1084,2025-04-03 20:27:33,19.69,44.58,BuildingB_Floor1,TypeB
1056,2025-04-03 23:40:28,31.27,35.67,BuildingA_Floor1,TypeB
1024,2025-04-06 06:14:59,24.76,34.49,BuildingA_Floor2,TypeA
1052,2025-04-06 08:09:41,25.03,38.13,BuildingB_Floor2,TypeB
1032,2025-04-07 19:35:07,32.01,76.86,BuildingA_Floor2,TypeC
1081,2025-04-08 13:59:46,23.42,77.35,BuildingA_Floor2,TypeA
1040,2025-04-07 03:47:18,19.69,55.36,BuildingB_Floor2,TypeC
1072,2025-04-04 16:37:16,30.6,60.09,BuildingA_Floor1,TypeA
1033,2025-04-04 23:47:57,24.89,33.22,BuildingA_Floor1,TypeB
1089,2025-04-06 11:53:31,33.54,78.05,BuildingA_Floor1,TypeB
1086,2025-04-07 00:44:03,21.31,50.03,BuildingB_Floor2,TypeB
1006,2025-04-08 12:21:59,28.59,35.17,BuildingB_Floor1,TypeC
1049,2025-04-08 04:07:25,23.6,54.09,BuildingB_Floor1,TypeC
1079,2025-04-07 01:40:06,34.56,70.64,BuildingB_Floor1,TypeC
1043,2025-04-06 15:19:24,33.68,58.92,BuildingA_Floor1,TypeC
1081,2025-04-05 03:45:09,17.9,46.16,BuildingB_Floor2,TypeA
1002,2025-04-06 12:53:07,29.23,31.2,BuildingA_Floor1,TypeB
1010,2025-04-07 04:33:04,33.22,75.99,BuildingA_Floor2,TypeA
1096,2025-04-03 19:03:00,18.79,54.42,BuildingB_Floor1,TypeB
1093,2025-04-06 15:03:17,26.46,70.53,BuildingA_Floor2,TypeC
1067,2025-04-04 00:21:45,31.42,76.05,BuildingB_Floor1,TypeC
1049,2025-04-05 21:33:37,28.19,31.69,BuildingB_Floor1,TypeB
1072,2025-04-06 23:48:03,25.82,35.15,BuildingB_Floor2,TypeA
1065,2025-04-04 15:26:04,19.4,77.57,BuildingB_Floor1,TypeB
1016,2025-04-04 19:36:37,24.83,64.33,BuildingA_Floor2,TypeC
1089,2025-04-07 04:52:31,25.42,50.68,BuildingA_Floor1,TypeA
1073,2025-04-04 04:45:16,18.74,35.24,BuildingA_Floor1,TypeC
1092,2025-04-05 13:17:11,32.52,48.95,BuildingB_Floor2,TypeB
1029,2025-04-05 08:54:27,20.43,44.34,BuildingA_Floor1,TypeC
1029,2025-04-04 19:49:55,31.43,42.6,BuildingB_Floor2,TypeA
1038,2025-04-06 10:36:09,22.28,37.61,BuildingB_Floor2,TypeC
1001,2025-04-08 13:02:25,20.03,56.46,BuildingB_Floor2,TypeB
1015,2025-04-06 09:39:36,32.5,61.31,BuildingB_Floor1,TypeB
1039,2025-04-04 18:37:38,23.56,74.21,BuildingB_Floor1,TypeB
1074,2025-04-08 05:00:59,28.6,40.95,BuildingB_Floor2,TypeC
1026,2025-04-05 00:13:06,30.57,50.56,BuildingB_Floor2,TypeC
1002,2025-04-04 09:12:56,25.92,54.0,BuildingB_Floor2,TypeB
1018,2025-04-04 14:36:28,27.67,31.66,BuildingA_Floor2,TypeA
1061,2025-04-06 21:49:41,31.83,41.51,BuildingA_Floor1,TypeA
1031,2025-04-05 20:24:02,23.98,42.77,BuildingB_Floor1,TypeB
1035,2025-04-03 22:39:59,27.36,59.52,BuildingB_Floor1,TypeB
1011,2025-04-05 18:50:10,34.62,48.99,BuildingA_Floor2,TypeC
1045,2025-04-05 00:04:50,31.11,77.72,BuildingA_Floor1,TypeA
1035,2025-04-04 10:20:46,16.25,56.02,BuildingA_Floor1,TypeC
1041,2025-04-05 15:08:22,30.1,70.74,BuildingA_Floor2,TypeA
1025,2025-04-07 15:50:10,31.56,38.31,BuildingA_Floor2,TypeC
1065,2025-04-06 14:38:38,18.07,53.96,BuildingA_Floor1,TypeA
1005,2025-04-08 07:06:39,33.38,47.49,BuildingB_Floor1,TypeA
1078,2025-04-06 19:11:56,32.9,74.09,BuildingA_Floor1,TypeC
1052,2025-04-08 02:45:16,16.63,68.9,BuildingA_Floor1,TypeA
1036,2025-04-06 07:09:39,34.44,70.62,BuildingB_Floor1,TypeB
1089,2025-04-06 19:16:10,23.88,70.31,BuildingA_Floor2,TypeC
1062,2025-04-05 17:28:22,15.98,52.68,BuildingB_Floor1,TypeA
1095,2025-04-04 16:53:53,31.88,53.3,BuildingB_Floor1,TypeB
1030,2025-04-07 05:08:02,19.9,65.44,BuildingA_Floor2,TypeC
1010,2025-04-08 12:07:55,25.07,40.06,BuildingB_Floor1,TypeC
1046,2025-04-05 14:03:44,33.02,46.6,BuildingB_Floor2,TypeC
1042,2025-04-08 04:18:23,23.88,35.87,BuildingA_Floor2,TypeC
1098,2025-04-05 10:48:50,30.94,38.2,BuildingA_Floor2,TypeC
1085,2025-04-03 18:00:36,32.25,30.67,BuildingB_Floor2,TypeC
1024,2025-04-07 12:15:48,23.6,30.01,BuildingB_Floor1,TypeC
1036,2025-04-05 08:09:20,26.79,37.83,BuildingA_Floor1,TypeC
1100,2025-04-08 14:31:10,33.81,58.11,BuildingA_Floor1,TypeC
1082,2025-04-06 17:55:34,19.38,30.34,BuildingB_Floor1,TypeC
1027,2025-04-03 21:50:39,34.0,47.17,BuildingA_Floor1,TypeA
1083,2025-04-05 13:10:02,30.46,45.83,BuildingA_Floor1,TypeC
1100,2025-04-04 23:14:05,25.7,78.11,BuildingB_Floor2,TypeB
1013,2025-04-06 08:02:27,20.5,35.63,BuildingA_Floor1,TypeB
1054,2025-04-05 01:28:34,24.45,55.1,BuildingB_Floor1,TypeB
1043,2025-04-05 00:48:12,17.76,30.72,BuildingB_Floor2,TypeC
1027,2025-04-08 06:48:56,29.32,49.61,BuildingA_Floor2,TypeA
1072,2025-04-04 19:09:04,29.31,31.42,BuildingA_Floor1,TypeA
1012,2025-04-04 00:33:26,28.21,67.3,BuildingB_Floor1,TypeA
1066,2025-04-06 16:15:40,16.09,45.85,BuildingB_Floor2,TypeB
1009,2025-04-04 12:59:40,21.89,55.18,BuildingB_Floor2,TypeC
1079,2025-04-08 01:34:02,26.89,52.95,BuildingA_Floor1,TypeC
1099,2025-04-07 09:39:59,26.48,48.26,BuildingA_Floor2,TypeA
1016,2025-04-06 08:50:42,16.88,64.59,BuildingA_Floor1,TypeA
1081,2025-04-05 16:51:58,16.88,72.44,BuildingA_Floor2,TypeA
1048,2025-04-06 04:33:05,19.1,42.92,BuildingA_Floor1,TypeA
1065,2025-04-04 06:55:23,19.4,47.82,BuildingA_Floor1,TypeB
1058,2025-04-07 13:07:42,27.29,62.49,BuildingB_Floor2,TypeC
1083,2025-04-06 20:41:25,21.25,68.58,BuildingB_Floor2,TypeA
1079,2025-04-04 14:57:52,17.78,70.3,BuildingA_Floor1,TypeC
1068,2025-04-07 14:10:30,34.9,50.7,BuildingB_Floor1,TypeC
1096,2025-04-06 13:23:39,29.19,64.94,BuildingA_Floor1,TypeC
1092,2025-04-08 16:46:12,16.72,75.15,BuildingB_Floor2,TypeC
1064,2025-04-07 02:37:47,25.3,30.35,BuildingA_Floor2,TypeA
1056,2025-04-08 05:38:59,29.76,32.68,BuildingB_Floor2,TypeB
1072,2025-04-07 00:13:11,25.75,64.69,BuildingA_Floor2,TypeC
1011,2025-04-05 00:56:01,32.09,44.76,BuildingB_Floor2,TypeA
1060,2025-04-04 07:37:51,23.09,66.92,BuildingB_Floor2,TypeC
1071,2025-04-03 20:26:36,25.89,51.35,BuildingA_Floor2,TypeA
1061,2025-04-03 17:38:17,16.31,57.53,BuildingA_Floor1,TypeA
1037,2025-04-03 20:37:00,22.23,56.66,BuildingB_Floor2,TypeB
1005,2025-04-04 18:01:50,30.83,31.08,BuildingB_Floor1,TypeA
1000,2025-04-06 15:02:16,19.06,39.69,BuildingB_Floor2,TypeB
1090,2025-04-08 05:16:47,34.0,64.85,BuildingB_Floor1,TypeA
1074,2025-04-05 01:27:10,18.94,42.14,BuildingB_Floor2,TypeC
1058,2025-04-04 15:58:52,19.96,75.88,BuildingA_Floor1,TypeB
1078,2025-04-06 22:25:05,17.63,44.81,BuildingA_Floor2,TypeB
1044,2025-04-04 02:25:26,18.89,79.48,BuildingB_Floor1,TypeC
1027,2025-04-03 21:07:17,29.24,64.12,BuildingA_Floor1,TypeA
1082,2025-04-08 08:49:09,32.34,36.57,BuildingB_Floor1,TypeA
1004,2025-04-06 02:38:15,32.28,64.89,BuildingB_Floor2,TypeA
1038,2025-04-05 18:27:50,19.04,61.29,BuildingA_Floor1,TypeB
1018,2025-04-07 04:02:54,27.11,66.93,BuildingB_Floor1,TypeC
1040,2025-04-07 23:08:45,15.81,57.0,BuildingA_Floor1,TypeC
1078,2025-04-08 14:33:06,33.16,66.62,BuildingB_Floor2,TypeC
1055,2025-04-04 07:58:33,32.43,76.3,BuildingA_Floor2,TypeA
1071,2025-04-04 13:34:19,30.77,38.6,BuildingB_Floor1,TypeC
1046,2025-04-07 07:28:19,20.95,44.4,BuildingB_Floor2,TypeC
1066,2025-04-04 00:36:13,31.43,46.01,BuildingB_Floor2,TypeA
1096,2025-04-06 05:53:53,25.8,72.34,BuildingB_Floor1,TypeA
1036,2025-04-04 23:50:47,20.51,68.39,BuildingB_Floor2,TypeB
1008,2025-04-07 05:01:54,26.96,54.79,BuildingA_Floor2,TypeC
1004,2025-04-08 10:52:46,15.52,41.66,BuildingB_Floor2,TypeA
1078,2025-04-04 23:06:54,21.28,58.35,BuildingA_Floor2,TypeC
1009,2025-04-05 11:19:15,17.52,41.43,BuildingB_Floor2,TypeA
1013,2025-04-05 00:50:51,32.15,79.79,BuildingA_Floor1,TypeA
1036,2025-04-07 19:08:22,32.88,78.93,BuildingA_Floor1,TypeC
1008,2025-04-04 21:49:23,22.14,50.73,BuildingB_Floor2,TypeB
1018,2025-04-08 05:26:40,30.08,57.34,BuildingA_Floor1,TypeC
1054,2025-04-07 04:17:16,28.16,72.92,BuildingA_Floor1,TypeA
1021,2025-04-07 16:36:42,27.34,62.72,BuildingB_Floor2,TypeC
1005,2025-04-05 22:46:40,33.57,61.29,BuildingB_Floor1,TypeC
1032,2025-04-07 16:21:33,17.34,68.3,BuildingB_Floor2,TypeC
1010,2025-04-05 03:32:09,33.38,45.33,BuildingA_Floor1,TypeB
1095,2025-04-07 00:17:15,23.58,56.35,BuildingB_Floor1,TypeA
1086,2025-04-03 22:10:27,29.16,71.84,BuildingB_Floor1,TypeA
1075,2025-04-04 23:56:06,19.12,35.3,BuildingA_Floor2,TypeB
1028,2025-04-05 15:24:51,16.53,54.58,BuildingB_Floor2,TypeA
1049,2025-04-04 15:49:58,30.89,78.05,BuildingA_Floor1,TypeC
1074,2025-04-07 08:58:59,29.76,62.18,BuildingA_Floor2,TypeC
1002,2025-04-04 08:45:05,15.33,33.01,BuildingA_Floor2,TypeA
1039,2025-04-04 21:56:41,29.62,34.99,BuildingA_Floor2,TypeB
1032,2025-04-05 11:04:51,25.88,35.29,BuildingB_Floor2,TypeA
1021,2025-04-08 05:18:37,16.06,75.97,BuildingB_Floor1,TypeC
1075,2025-04-07 07:27:00,26.75,75.46,BuildingB_Floor2,TypeB
1014,2025-04-07 09:33:07,28.39,61.11,BuildingB_Floor2,TypeC
1058,2025-04-06 15:49:45,33.53,49.93,BuildingB_Floor2,TypeA
1066,2025-04-04 01:28:00,17.45,44.78,BuildingB_Floor1,TypeC
1073,2025-04-06 07:28:22,18.02,34.11,BuildingB_Floor1,TypeC
1048,2025-04-08 07:17:13,19.71,69.72,BuildingA_Floor1,TypeB
1069,2025-04-07 08:41:22,32.03,67.01,BuildingB_Floor1,TypeB
1083,2025-04-08 06:48:24,31.1,69.96,BuildingB_Floor2,TypeB
1061,2025-04-04 16:06:40,27.1,54.77,BuildingA_Floor2,TypeA
1068,2025-04-04 17:09:43,21.07,49.35,BuildingA_Floor1,TypeA
1061,2025-04-06 08:24:26,17.98,64.77,BuildingA_Floor2,TypeA
1058,2025-04-07 11:10:54,30.47,42.59,BuildingA_Floor2,TypeB
1055,2025-04-07 03:37:54,18.71,55.26,BuildingA_Floor1,TypeC
1069,2025-04-04 20:44:41,22.47,78.96,BuildingB_Floor2,TypeA
1052,2025-04-06 19:53:01,26.96,34.39,BuildingA_Floor2,TypeB
1099,2025-04-04 03:59:09,27.91,75.03,BuildingB_Floor1,TypeA
1090,2025-04-07 13:15:56,28.07,62.95,BuildingB_Floor2,TypeA
1035,2025-04-08 13:21:30,27.99,54.89,BuildingB_Floor2,TypeB
1092,2025-04-08 09:43:10,34.61,52.23,BuildingB_Floor1,TypeB
1092,2025-04-07 10:05:56,27.69,52.4,BuildingA_Floor2,TypeC
1077,2025-04-08 03:24:16,20.53,69.94,BuildingB_Floor1,TypeC
1034,2025-04-04 00:04:34,16.2,45.07,BuildingB_Floor1,TypeC
1026,2025-04-06 18:41:08,16.54,67.83,BuildingA_Floor2,TypeA
1099,2025-04-05 20:19:22,28.6,49.53,BuildingA_Floor2,TypeC
1050,2025-04-05 09:36:38,32.65,44.09,BuildingB_Floor1,TypeA
1077,2025-04-03 19:54:52,24.89,41.1,BuildingB_Floor1,TypeC
1079,2025-04-08 10:17:55,17.4,76.97,BuildingA_Floor2,TypeB
1096,2025-04-05 15:49:23,29.75,67.38,BuildingA_Floor1,TypeC
1082,2025-04-04 19:20:30,34.36,42.2,BuildingB_Floor2,TypeA
1091,2025-04-06 12:00:42,25.6,32.74,BuildingB_Floor1,TypeA
1055,2025-04-05 20:59:52,34.7,51.97,BuildingA_Floor2,TypeA
1025,2025-04-07 07:42:09,29.36,33.52,BuildingB_Floor2,TypeC
1086,2025-04-08 12:55:56,22.49,57.77,BuildingA_Floor2,TypeA
1008,2025-04-07 09:50:39,27.52,58.78,BuildingB_Floor2,TypeA
1008,2025-04-04 00:02:54,20.16,75.75,BuildingA_Floor2,TypeA
1056,2025-04-08 01:55:47,19.72,71.56,BuildingB_Floor1,TypeA
1033,2025-04-08 10:55:42,15.71,72.04,BuildingA_Floor1,TypeA
1039,2025-04-04 16:45:58,32.97,69.93,BuildingB_Floor2,TypeC
1028,2025-04-06 18:08:00,21.94,41.86,BuildingB_Floor1,TypeB
1032,2025-04-05 11:38:15,30.93,31.6,BuildingB_Floor1,TypeA
1079,2025-04-07 09:43:58,20.78,67.63,BuildingA_Floor2,TypeB
1058,2025-04-06 11:21:31,24.88,58.85,BuildingB_Floor2,TypeA
1074,2025-04-05 21:14:21,31.7,75.01,BuildingB_Floor2,TypeB
1037,2025-04-04 15:46:44,28.97,39.37,BuildingB_Floor1,TypeA
1085,2025-04-08 15:30:11,33.18,48.63,BuildingA_Floor2,TypeB
1044,2025-04-08 09:46:42,30.04,67.4,BuildingA_Floor1,TypeC
1056,2025-04-08 07:46:34,27.2,48.22,BuildingA_Floor1,TypeA
1095,2025-04-06 19:01:06,19.61,48.63,BuildingA_Floor1,TypeA
1070,2025-04-04 18:15:25,28.11,65.44,BuildingB_Floor1,TypeA
1081,2025-04-06 21:26:16,17.24,31.09,BuildingB_Floor2,TypeB
1095,2025-04-06 21:12:51,23.92,43.58,BuildingB_Floor1,TypeC
1018,2025-04-04 13:28:32,21.04,78.78,BuildingB_Floor1,TypeC
1093,2025-04-04 02:47:12,18.86,62.42,BuildingB_Floor2,TypeC
1084,2025-04-05 19:09:48,29.99,54.79,BuildingA_Floor1,TypeB
1072,2025-04-06 15:06:16,28.5,31.83,BuildingB_Floor1,TypeC
1076,2025-04-05 16:51:03,34.46,51.29,BuildingA_Floor1,TypeC
1027,2025-04-04 00:58:30,20.84,52.06,BuildingB_Floor1,TypeA
1069,2025-04-05 13:04:22,33.31,74.14,BuildingB_Floor1,TypeB
1028,2025-04-04 11:09:52,32.44,54.82,BuildingB_Floor2,TypeB
1002,2025-04-06 22:48:43,24.99,72.86,BuildingB_Floor2,TypeA
1041,2025-04-08 01:23:39,20.77,78.74,BuildingA_Floor2,TypeA
1041,2025-04-03 17:58:09,23.62,59.35,BuildingB_Floor1,TypeC
1066,2025-04-06 23:25:02,32.68,37.39,BuildingA_Floor2,TypeB
1079,2025-04-08 08:37:11,15.17,75.73,BuildingA_Floor1,TypeB
1016,2025-04-08 02:17:03,34.47,77.53,BuildingA_Floor2,TypeB
1076,2025-04-04 08:41:44,29.55,48.29,BuildingB_Floor2,TypeC
1019,2025-04-05 00:30:03,19.24,57.75,BuildingB_Floor1,TypeB
1029,2025-04-08 15:16:00,26.45,70.57,BuildingB_Floor2,TypeC
1033,2025-04-05 09:04:00,26.47,33.2,BuildingA_Floor1,TypeA
1041,2025-04-05 11:47:21,16.49,37.52,BuildingA_Floor2,TypeB
1006,2025-04-06 03:47:19,23.75,55.78,BuildingB_Floor1,TypeA
1054,2025-04-05 02:54:55,18.97,66.76,BuildingA_Floor2,TypeA
1071,2025-04-05 21:32:36,15.1,47.52,BuildingA_Floor2,TypeC
1032,2025-04-08 02:49:28,28.15,69.46,BuildingA_Floor2,TypeB
1075,2025-04-05 02:42:52,30.95,76.82,BuildingB_Floor2,TypeB
1022,2025-04-06 11:46:24,21.92,57.8,BuildingA_Floor1,TypeB
1094,2025-04-04 12:39:08,22.88,58.46,BuildingA_Floor2,TypeC
1035,2025-04-04 05:51:51,33.8,55.11,BuildingA_Floor1,TypeA
1074,2025-04-05 20:02:52,27.91,30.8,BuildingA_Floor1,TypeA
1090,2025-04-05 14:33:02,33.69,76.25,BuildingA_Floor1,TypeA
1060,2025-04-08 00:35:41,16.45,75.26,BuildingB_Floor1,TypeA
1012,2025-04-08 05:29:36,19.96,47.38,BuildingB_Floor1,TypeA
1078,2025-04-06 01:09:55,31.74,33.37,BuildingA_Floor1,TypeA
1078,2025-04-05 14:16:12,18.3,72.2,BuildingA_Floor1,TypeB
1080,2025-04-05 22:17:42,25.97,63.93,BuildingB_Floor1,TypeA
1003,2025-04-08 15:41:33,23.22,61.86,BuildingB_Floor2,TypeB
1078,2025-04-05 04:40:25,31.22,45.38,BuildingA_Floor1,TypeC
1051,2025-04-05 11:53:23,20.21,38.21,BuildingB_Floor2,TypeC
1059,2025-04-06 16:03:20,23.24,59.8,BuildingB_Floor1,TypeA
1071,2025-04-04 16:21:30,34.54,77.41,BuildingA_Floor1,TypeC
1037,2025-04-07 03:37:52,22.26,65.97,BuildingA_Floor2,TypeC
1093,2025-04-08 12:33:30,25.51,51.4,BuildingB_Floor2,TypeB
1024,2025-04-06 23:14:19,32.44,60.08,BuildingA_Floor2,TypeC
1047,2025-04-03 23:08:14,20.76,32.58,BuildingB_Floor2,TypeA
1091,2025-04-07 00:13:09,21.44,59.09,BuildingB_Floor2,TypeC
1001,2025-04-07 12:36:07,28.56,75.06,BuildingB_Floor1,TypeC
1043,2025-04-06 13:10:12,27.67,34.07,BuildingB_Floor2,TypeC
1046,2025-04-05 13:59:49,29.02,43.31,BuildingB_Floor1,TypeA
1042,2025-04-04 15:02:28,17.13,30.96,BuildingB_Floor1,TypeC
1057,2025-04-05 11:06:55,18.37,42.07,BuildingB_Floor1,TypeB
1064,2025-04-04 01:58:54,16.62,46.91,BuildingB_Floor1,TypeB
1063,2025-04-06 03:55:34,26.56,60.81,BuildingA_Floor1,TypeB
1024,2025-04-05 02:58:11,18.47,43.06,BuildingB_Floor2,TypeB
1053,2025-04-06 09:52:56,21.95,48.39,BuildingA_Floor1,TypeB
1036,2025-04-06 11:43:08,30.36,75.99,BuildingA_Floor1,TypeC
1099,2025-04-05 01:14:54,20.58,58.15,BuildingB_Floor2,TypeC
1073,2025-04-05 13:25:23,28.38,30.08,BuildingA_Floor2,TypeA
1019,2025-04-08 08:18:17,21.27,69.91,BuildingA_Floor1,TypeB
1040,2025-04-07 17:18:03,18.14,71.56,BuildingB_Floor1,TypeC
1069,2025-04-08 10:20:44,30.77,66.24,BuildingB_Floor2,TypeA
1006,2025-04-06 16:09:50,32.39,50.28,BuildingA_Floor2,TypeB
1089,2025-04-06 15:40:38,30.56,35.28,BuildingB_Floor1,TypeA
1027,2025-04-06 07:25:51,15.69,37.53,BuildingA_Floor1,TypeC
1009,2025-04-06 07:21:24,27.96,36.17,BuildingB_Floor1,TypeB
1031,2025-04-04 00:30:55,32.35,75.43,BuildingB_Floor2,TypeB
1092,2025-04-04 22:39:16,30.77,45.26,BuildingA_Floor1,TypeC
1095,2025-04-04 21:53:25,29.87,74.43,BuildingB_Floor2,TypeA
1032,2025-04-06 18:50:58,19.0,62.21,BuildingA_Floor1,TypeA
1014,2025-04-04 11:48:07,21.76,76.8,BuildingA_Floor1,TypeC
1038,2025-04-04 07:32:35,31.18,63.99,BuildingB_Floor2,TypeB
1019,2025-04-07 16:29:23,15.19,71.03,BuildingB_Floor2,TypeC
1024,2025-04-08 05:32:49,26.02,70.63,BuildingB_Floor1,TypeA
1073,2025-04-06 06:58:32,22.77,61.05,BuildingA_Floor2,TypeA
1029,2025-04-03 17:09:49,33.95,58.34,BuildingB_Floor2,TypeB
1063,2025-04-05 07:55:07,31.03,60.96,BuildingB_Floor2,TypeB
1011,2025-04-06 10:15:41,21.48,45.49,BuildingA_Floor1,TypeC
1002,2025-04-03 23:42:14,22.15,30.68,BuildingA_Floor1,TypeC
1057,2025-04-07 18:38:26,27.81,31.57,BuildingB_Floor1,TypeA
1096,2025-04-05 08:47:44,23.03,55.14,BuildingB_Floor2,TypeC
1097,2025-04-06 05:30:28,22.65,56.98,BuildingA_Floor2,TypeB
1081,2025-04-07 06:39:04,31.32,76.89,BuildingB_Floor1,TypeC
1029,2025-04-06 13:10:27,32.68,69.41,BuildingB_Floor1,TypeC
1059,2025-04-04 21:08:35,16.91,68.1,BuildingB_Floor1,TypeB
1035,2025-04-06 00:01:46,17.41,61.01,BuildingB_Floor1,TypeA
1092,2025-04-06 12:41:55,23.84,71.09,BuildingB_Floor1,TypeA
1010,2025-04-04 10:23:03,16.73,37.29,BuildingB_Floor1,TypeA
1074,2025-04-06 05:56:43,18.6,67.85,BuildingA_Floor2,TypeC
1053,2025-04-04 18:59:49,22.76,66.33,BuildingB_Floor1,TypeC
1011,2025-04-04 06:40:25,19.39,73.74,BuildingA_Floor1,TypeA
1027,2025-04-08 00:47:50,30.33,73.26,BuildingB_Floor1,TypeB
1069,2025-04-05 21:50:33,24.4,49.68,BuildingB_Floor2,TypeB
1014,2025-04-05 14:39:08,30.92,52.37,BuildingA_Floor1,TypeA
1076,2025-04-04 07:13:08,31.69,64.65,BuildingB_Floor2,TypeC
1024,2025-04-05 12:59:44,29.34,35.57,BuildingA_Floor2,TypeC
1030,2025-04-06 22:17:45,18.21,61.86,BuildingB_Floor1,TypeA
1066,2025-04-05 04:36:51,17.15,34.76,BuildingB_Floor2,TypeA
1032,2025-04-04 03:02:01,29.41,58.97,BuildingA_Floor1,TypeC
1031,2025-04-05 10:51:08,24.59,56.79,BuildingB_Floor1,TypeC
1017,2025-04-03 18:46:09,17.87,33.22,BuildingA_Floor2,TypeB
1073,2025-04-06 01:29:51,25.72,79.93,BuildingA_Floor2,TypeA
1026,2025-04-06 09:24:48,22.9,74.7,BuildingB_Floor2,TypeB
1010,2025-04-06 05:27:20,27.21,33.84,BuildingA_Floor1,TypeB
1011,2025-04-08 03:49:43,19.0,60.0,BuildingB_Floor1,TypeA
1065,2025-04-05 16:51:59,29.54,79.42,BuildingA_Floor1,TypeA
1069,2025-04-07 00:46:24,24.58,75.81,BuildingB_Floor2,TypeB
1072,2025-04-08 16:24:54,18.6,42.73,BuildingA_Floor1,TypeC
1062,2025-04-05 16:44:01,23.14,56.61,BuildingA_Floor2,TypeB
1099,2025-04-07 06:25:29,20.71,57.85,BuildingA_Floor1,TypeA
1006,2025-04-06 17:14:53,17.21,68.47,BuildingA_Floor2,TypeB
1072,2025-04-05 12:54:00,21.85,36.56,BuildingB_Floor1,TypeC
1079,2025-04-04 02:54:05,20.55,49.1,BuildingA_Floor1,TypeA
1073,2025-04-07 08:46:35,18.93,54.4,BuildingA_Floor2,TypeA
1074,2025-04-04 22:31:42,18.23,68.24,BuildingB_Floor2,TypeC
1062,2025-04-07 10:56:38,22.63,51.06,BuildingB_Floor2,TypeB
1090,2025-04-06 22:38:32,24.56,69.05,BuildingA_Floor1,TypeC
1017,2025-04-05 01:42:20,19.9,60.0,BuildingB_Floor2,TypeC
1003,2025-04-07 05:11:41,29.38,74.33,BuildingA_Floor1,TypeA
1071,2025-04-07 15:08:15,27.09,54.92,BuildingA_Floor1,TypeC
1053,2025-04-05 07:38:25,32.89,41.56,BuildingA_Floor2,TypeC
1026,2025-04-06 04:37:04,21.12,68.84,BuildingB_Floor1,TypeC
1050,2025-04-07 19:40:18,28.86,31.53,BuildingB_Floor2,TypeC
1076,2025-04-07 17:57:29,31.23,44.41,BuildingA_Floor2,TypeB
1032,2025-04-03 21:17:14,20.55,76.97,BuildingB_Floor1,TypeB
1032,2025-04-07 16:20:56,24.53,73.37,BuildingB_Floor2,TypeC
1047,2025-04-04 04:10:08,20.51,30.0,BuildingB_Floor1,TypeC
1080,2025-04-08 14:05:39,26.72,68.67,BuildingB_Floor1,TypeA
1004,2025-04-05 08:29:29,33.35,34.94,BuildingB_Floor2,TypeC
1095,2025-04-07 23:30:28,34.02,66.1,BuildingA_Floor2,TypeB
1044,2025-04-04 08:54:34,21.93,39.08,BuildingA_Floor1,TypeC
1028,2025-04-07 20:31:11,17.24,42.47,BuildingB_Floor2,TypeC
1070,2025-04-04 02:56:44,19.58,45.07,BuildingB_Floor1,TypeA
1083,2025-04-06 09:28:38,26.01,51.31,BuildingB_Floor1,TypeB
1052,2025-04-05 22:37:38,15.23,54.5,BuildingB_Floor1,TypeA
1092,2025-04-05 18:22:31,29.71,56.9,BuildingB_Floor2,TypeC
1009,2025-04-05 08:26:52,33.95,42.69,BuildingB_Floor1,TypeB
1068,2025-04-06 06:42:45,21.69,38.9,BuildingA_Floor2,TypeB
1028,2025-04-08 04:20:03,16.82,72.15,BuildingB_Floor1,TypeC
1066,2025-04-03 19:14:40,30.6,49.27,BuildingA_Floor1,TypeB
1071,2025-04-06 11:58:04,16.19,49.03,BuildingB_Floor1,TypeA
1018,2025-04-06 21:16:28,15.65,72.95,BuildingB_Floor2,TypeC
1049,2025-04-07 11:45:46,27.28,58.37,BuildingA_Floor2,TypeA
1074,2025-04-08 11:46:17,26.01,49.85,BuildingB_Floor2,TypeB
1050,2025-04-08 12:49:35,17.2,79.39,BuildingB_Floor2,TypeB
1063,2025-04-03 18:11:04,23.51,66.71,BuildingB_Floor2,TypeC
1086,2025-04-06 13:19:44,25.46,72.25,BuildingB_Floor1,TypeB
1029,2025-04-08 02:07:48,25.94,57.68,BuildingA_Floor1,TypeB
1049,2025-04-05 20:51:42,21.1,32.07,BuildingA_Floor2,TypeB
1024,2025-04-06 15:26:36,25.96,74.68,BuildingB_Floor1,TypeB
1084,2025-04-08 13:09:02,22.16,73.2,BuildingB_Floor2,TypeA
1003,2025-04-06 11:18:38,28.34,64.03,BuildingA_Floor2,TypeB
1031,2025-04-06 16:52:02,24.61,46.43,BuildingB_Floor2,TypeB
1032,2025-04-08 12:44:50,19.01,42.35,BuildingA_Floor2,TypeB
1058,2025-04-05 22:11:01,20.39,32.29,BuildingB_Floor2,TypeC
1032,2025-04-08 01:32:08,28.75,31.77,BuildingB_Floor1,TypeC
1070,2025-04-04 08:20:59,26.48,66.65,BuildingA_Floor2,TypeB
1050,2025-04-08 13:19:18,22.9,53.31,BuildingA_Floor1,TypeC
1088,2025-04-03 21:53:50,22.31,51.06,BuildingB_Floor2,TypeA
1054,2025-04-06 11:41:42,25.31,49.26,BuildingA_Floor2,TypeB
1001,2025-04-04 01:50:14,30.18,53.39,BuildingA_Floor2,TypeB
1021,2025-04-06 23:32:50,18.37,49.99,BuildingA_Floor2,TypeC
1080,2025-04-05 00:21:27,31.99,57.12,BuildingB_Floor2,TypeB
1050,2025-04-06 01:13:43,17.57,76.86,BuildingB_Floor2,TypeB
1058,2025-04-06 20:28:36,23.15,64.06,BuildingA_Floor1,TypeB
1087,2025-04-06 10:34:49,26.42,56.45,BuildingA_Floor1,TypeB
1072,2025-04-04 19:27:09,18.45,58.53,BuildingB_Floor2,TypeB
1089,2025-04-07 09:28:11,25.17,75.23,BuildingB_Floor2,TypeC
1026,2025-04-06 22:29:22,32.06,76.72,BuildingA_Floor1,TypeA
1074,2025-04-07 16:33:31,30.49,40.65,BuildingB_Floor1,TypeA
1004,2025-04-03 17:55:30,20.87,62.08,BuildingA_Floor2,TypeC
1083,2025-04-08 06:19:22,24.51,31.19,BuildingB_Floor1,TypeA
1010,2025-04-07 20:01:55,31.88,36.94,BuildingB_Floor1,TypeA
1038,2025-04-08 06:53:01,24.89,43.99,BuildingA_Floor2,TypeA
1031,2025-04-06 05:56:41,26.72,70.47,BuildingA_Floor1,TypeB
1066,2025-04-08 16:08:02,33.78,60.37,BuildingA_Floor1,TypeA
1043,2025-04-04 23:57:15,34.81,77.48,BuildingB_Floor1,TypeA
1064,2025-04-05 05:12:39,15.19,48.34,BuildingA_Floor2,TypeA
1050,2025-04-03 18:13:14,27.34,47.27,BuildingA_Floor2,TypeA
1004,2025-04-05 05:01:48,32.95,60.66,BuildingA_Floor2,TypeA
1064,2025-04-04 22:05:52,17.16,41.05,BuildingA_Floor1,TypeC
1083,2025-04-04 17:41:05,16.92,78.53,BuildingA_Floor2,TypeB
1071,2025-04-07 10:55:06,27.65,70.52,BuildingB_Floor2,TypeC
1038,2025-04-08 12:42:28,28.95,46.1,BuildingA_Floor1,TypeC
1047,2025-04-04 09:34:39,32.56,70.34,BuildingB_Floor1,TypeA
1090,2025-04-06 10:15:52,22.53,71.85,BuildingB_Floor2,TypeA
1096,2025-04-04 16:18:15,32.93,49.23,BuildingB_Floor1,TypeA
1059,2025-04-08 14:39:05,33.53,50.22,BuildingB_Floor1,TypeA
1085,2025-04-08 03:24:25,20.75,75.02,BuildingB_Floor1,TypeC
1025,2025-04-05 21:55:59,19.87,53.91,BuildingB_Floor1,TypeC
1100,2025-04-06 15:28:32,27.98,58.85,BuildingB_Floor1,TypeA
1089,2025-04-06 18:49:24,22.91,52.91,BuildingA_Floor1,TypeC
1010,2025-04-05 04:53:35,25.79,59.76,BuildingA_Floor1,TypeB
1098,2025-04-07 19:55:25,17.17,33.74,BuildingA_Floor1,TypeB
1051,2025-04-06 20:29:24,15.81,47.14,BuildingB_Floor1,TypeC
1053,2025-04-06 04:56:57,15.09,72.86,BuildingB_Floor2,TypeA
1008,2025-04-07 15:07:26,23.1,41.29,BuildingB_Floor1,TypeC
1035,2025-04-04 10:51:58,21.79,40.39,BuildingA_Floor1,TypeA
1034,2025-04-06 08:59:25,22.46,58.68,BuildingB_Floor1,TypeA
1084,2025-04-08 14:31:12,33.92,49.99,BuildingA_Floor1,TypeA
1091,2025-04-07 20:29:52,20.75,72.92,BuildingB_Floor2,TypeA
1070,2025-04-07 17:00:08,29.38,58.05,BuildingB_Floor1,TypeC
1091,2025-04-04 05:18:51,24.32,56.96,BuildingB_Floor2,TypeB
1044,2025-04-06 19:52:07,27.97,39.86,BuildingA_Floor2,TypeA
1061,2025-04-05 17:42:23,25.16,41.73,BuildingB_Floor1,TypeC
1066,2025-04-04 16:57:51,32.37,39.78,BuildingA_Floor2,TypeA
1013,2025-04-08 11:52:52,34.07,42.44,BuildingA_Floor1,TypeC
1044,2025-04-07 17:57:01,31.54,49.05,BuildingB_Floor1,TypeC
1085,2025-04-05 15:37:32,23.29,40.36,BuildingA_Floor1,TypeC
1017,2025-04-07 19:19:32,28.93,41.7,BuildingA_Floor2,TypeA
1058,2025-04-05 23:47:37,31.74,75.39,BuildingA_Floor1,TypeC
1095,2025-04-08 01:59:38,20.52,51.36,BuildingB_Floor1,TypeC
1000,2025-04-07 23:24:45,18.63,44.17,BuildingA_Floor2,TypeC
1094,2025-04-06 16:58:23,22.05,58.74,BuildingB_Floor2,TypeB
1074,2025-04-06 08:01:34,18.05,53.83,BuildingB_Floor2,TypeB
1035,2025-04-08 00:47:45,16.91,39.39,BuildingA_Floor1,TypeA
1073,2025-04-06 02:28:32,31.92,38.32,BuildingA_Floor2,TypeB
1046,2025-04-06 17:16:48,19.84,42.84,BuildingA_Floor1,TypeB
1039,2025-04-06 01:19:21,31.12,68.49,BuildingA_Floor1,TypeC
1052,2025-04-07 04:23:49,30.0,77.57,BuildingB_Floor2,TypeC
1033,2025-04-04 23:36:18,27.6,35.17,BuildingB_Floor2,TypeB
1013,2025-04-08 03:24:37,18.96,77.52,BuildingA_Floor1,TypeB
1065,2025-04-06 01:46:23,23.45,46.83,BuildingB_Floor1,TypeA
1086,2025-04-07 01:36:07,30.33,53.29,BuildingB_Floor1,TypeB
1012,2025-04-05 15:11:01,34.49,33.59,BuildingA_Floor1,TypeC
1013,2025-04-04 23:39:19,28.98,33.23,BuildingA_Floor2,TypeB
1007,2025-04-07 11:03:55,21.22,35.49,BuildingA_Floor1,TypeC
1082,2025-04-07 00:46:06,32.22,78.96,BuildingB_Floor1,TypeB
1074,2025-04-05 00:29:44,21.28,69.96,BuildingB_Floor1,TypeC
1046,2025-04-05 16:01:35,28.54,39.52,BuildingA_Floor1,TypeC
1017,2025-04-04 21:39:37,34.55,67.36,BuildingA_Floor1,TypeB
1092,2025-04-04 22:34:24,22.49,50.58,BuildingA_Floor1,TypeA
1045,2025-04-04 12:33:58,26.3,53.93,BuildingB_Floor1,TypeA
1087,2025-04-04 10:15:54,18.94,65.94,BuildingB_Floor2,TypeC
1073,2025-04-03 18:51:20,23.67,69.76,BuildingB_Floor2,TypeA
1088,2025-04-07 10:43:23,16.9,57.14,BuildingA_Floor2,TypeC
1024,2025-04-06 17:50:32,27.66,55.81,BuildingA_Floor2,TypeA
1034,2025-04-07 12:07:44,16.19,32.05,BuildingA_Floor1,TypeC
1008,2025-04-04 23:20:55,17.87,35.59,BuildingA_Floor2,TypeA
1007,2025-04-06 07:42:08,32.29,78.31,BuildingB_Floor1,TypeB
1070,2025-04-06 11:09:44,32.14,63.16,BuildingA_Floor2,TypeB
1095,2025-04-06 17:39:01,29.0,46.81,BuildingB_Floor2,TypeB
1041,2025-04-04 21:01:25,22.45,47.52,BuildingB_Floor1,TypeB
1085,2025-04-08 06:05:16,32.2,49.23,BuildingA_Floor1,TypeB
1030,2025-04-05 22:54:12,26.87,62.03,BuildingA_Floor1,TypeC
1065,2025-04-06 09:05:57,30.98,51.15,BuildingB_Floor2,TypeC
1066,2025-04-03 20:49:14,16.94,71.08,BuildingB_Floor1,TypeA
1005,2025-04-06 00:43:22,30.04,50.12,BuildingB_Floor1,TypeA
1030,2025-04-04 17:24:30,28.25,35.48,BuildingB_Floor2,TypeA
1031,2025-04-07 23:33:51,27.95,76.96,BuildingA_Floor2,TypeC
1058,2025-04-07 17:25:57,17.24,50.03,BuildingA_Floor2,TypeB
1043,2025-04-07 10:58:45,22.93,51.56,BuildingB_Floor2,TypeC
1069,2025-04-03 21:49:59,23.2,46.93,BuildingB_Floor2,TypeB
1062,2025-04-06 16:47:54,34.04,34.66,BuildingB_Floor2,TypeA
1050,2025-04-08 02:01:13,15.61,31.04,BuildingA_Floor1,TypeC
1057,2025-04-05 09:23:28,29.03,58.54,BuildingA_Floor1,TypeB
1045,2025-04-07 21:58:00,28.91,42.48,BuildingA_Floor1,TypeA
1020,2025-04-04 07:03:58,16.54,44.15,BuildingB_Floor1,TypeB
1020,2025-04-08 00:01:23,34.3,39.56,BuildingB_Floor2,TypeB
1017,2025-04-05 17:52:25,20.01,43.36,BuildingA_Floor2,TypeB
1028,2025-04-06 11:40:47,28.97,63.98,BuildingA_Floor2,TypeA
1057,2025-04-06 21:56:56,17.94,52.91,BuildingB_Floor1,TypeC
1049,2025-04-08 11:03:45,25.99,36.96,BuildingA_Floor1,TypeB
1094,2025-04-05 18:47:08,24.04,67.52,BuildingA_Floor1,TypeB
1036,2025-04-05 04:58:50,26.62,67.88,BuildingA_Floor1,TypeA
1098,2025-04-06 14:50:01,30.02,33.96,BuildingB_Floor2,TypeC
1045,2025-04-04 23:44:10,16.13,57.79,BuildingB_Floor2,TypeB
1094,2025-04-03 21:59:29,25.6,64.92,BuildingB_Floor2,TypeC
1014,2025-04-04 15:55:47,28.67,44.2,BuildingA_Floor1,TypeA
1071,2025-04-06 06:40:24,34.55,45.98,BuildingB_Floor1,TypeC
1025,2025-04-05 19:29:28,22.06,76.16,BuildingB_Floor1,TypeC
1073,2025-04-04 20:04:45,25.93,76.76,BuildingA_Floor2,TypeB
1047,2025-04-05 16:53:35,27.94,46.46,BuildingB_Floor2,TypeC
1083,2025-04-04 09:49:40,26.79,79.0,BuildingA_Floor2,TypeB
1033,2025-04-03 19:05:24,28.12,79.83,BuildingA_Floor2,TypeB
1100,2025-04-05 18:20:41,19.87,73.03,BuildingB_Floor2,TypeA
1062,2025-04-06 16:56:22,33.15,35.29,BuildingB_Floor2,TypeB
1071,2025-04-04 20:16:18,25.88,30.98,BuildingB_Floor1,TypeB
1030,2025-04-05 00:32:08,25.82,40.95,BuildingB_Floor2,TypeB
1035,2025-04-06 11:55:52,16.89,38.88,BuildingA_Floor1,TypeC
1065,2025-04-04 10:01:36,28.55,37.96,BuildingB_Floor2,TypeB
1092,2025-04-04 18:21:51,25.26,36.63,BuildingA_Floor1,TypeC
1036,2025-04-05 14:06:57,33.46,65.7,BuildingB_Floor2,TypeB
1047,2025-04-06 07:54:22,17.96,59.15,BuildingA_Floor2,TypeB
1044,2025-04-06 10:05:34,27.48,56.14,BuildingB_Floor2,TypeB
1047,2025-04-05 11:34:46,18.41,47.55,BuildingB_Floor2,TypeB
1055,2025-04-05 02:55:06,17.47,77.4,BuildingA_Floor1,TypeA
1044,2025-04-07 09:10:56,28.38,70.16,BuildingA_Floor2,TypeA
1073,2025-04-06 01:52:00,23.89,31.71,BuildingB_Floor1,TypeB
1037,2025-04-05 17:00:29,19.04,67.65,BuildingB_Floor1,TypeB
1002,2025-04-04 14:47:40,29.48,70.88,BuildingB_Floor1,TypeB
1048,2025-04-06 05:15:09,20.58,51.68,BuildingA_Floor1,TypeC
1011,2025-04-05 06:43:36,25.96,68.07,BuildingA_Floor1,TypeC
1023,2025-04-06 00:42:42,23.42,30.46,BuildingA_Floor1,TypeC
1003,2025-04-08 00:17:23,26.53,71.67,BuildingA_Floor1,TypeB
1069,2025-04-03 18:02:35,17.98,69.48,BuildingB_Floor2,TypeA
1052,2025-04-07 07:52:34,23.18,52.02,BuildingB_Floor2,TypeC
1014,2025-04-04 14:58:53,26.36,32.96,BuildingB_Floor1,TypeB
1040,2025-04-06 07:59:33,22.92,43.47,BuildingA_Floor2,TypeB
1083,2025-04-04 08:11:34,26.94,69.71,BuildingA_Floor1,TypeC
1056,2025-04-06 18:09:00,18.93,67.57,BuildingA_Floor2,TypeB
1073,2025-04-03 17:43:57,34.79,32.17,BuildingB_Floor2,TypeB
1043,2025-04-07 17:55:42,29.58,37.14,BuildingB_Floor2,TypeA
1008,2025-04-06 06:09:04,21.83,79.71,BuildingB_Floor2,TypeA
1099,2025-04-04 19:53:26,22.1,73.52,BuildingA_Floor1,TypeB
1046,2025-04-04 12:35:05,19.8,38.88,BuildingB_Floor1,TypeB
1003,2025-04-04 12:15:08,32.44,64.42,BuildingB_Floor2,TypeA
1099,2025-04-05 12:42:56,32.04,78.11,BuildingB_Floor1,TypeB
1040,2025-04-06 19:06:11,29.42,55.54,BuildingB_Floor2,TypeB
1044,2025-04-05 10:02:25,33.57,46.37,BuildingA_Floor2,TypeA
1091,2025-04-07 23:12:15,29.26,72.2,BuildingB_Floor1,TypeC
1033,2025-04-08 09:17:24,25.77,79.98,BuildingB_Floor2,TypeB
1074,2025-04-08 06:42:12,16.41,58.31,BuildingB_Floor2,TypeC
1001,2025-04-07 07:59:55,31.58,71.9,BuildingA_Floor1,TypeC
1031,2025-04-08 09:43:44,32.34,61.86,BuildingB_Floor1,TypeC
1034,2025-04-08 02:52:02,28.5,50.64,BuildingB_Floor2,TypeB
1038,2025-04-04 19:46:32,28.83,61.06,BuildingA_Floor2,TypeA
1020,2025-04-05 16:42:46,34.89,54.08,BuildingB_Floor1,TypeC
1092,2025-04-04 20:30:36,16.71,64.58,BuildingA_Floor2,TypeA
1088,2025-04-06 02:34:39,27.01,52.45,BuildingB_Floor2,TypeA
1081,2025-04-07 22:31:22,26.39,56.28,BuildingB_Floor2,TypeC
1071,2025-04-04 20:56:23,15.35,42.38,BuildingA_Floor2,TypeA
1082,2025-04-08 05:19:01,31.44,35.3,BuildingB_Floor2,TypeA
1050,2025-04-05 23:43:27,16.91,49.5,BuildingB_Floor2,TypeC
1006,2025-04-04 16:19:01,15.94,61.65,BuildingB_Floor1,TypeB
1022,2025-04-03 20:18:56,25.21,30.65,BuildingA_Floor2,TypeC
1014,2025-04-06 02:18:46,23.37,75.67,BuildingA_Floor2,TypeC
1052,2025-04-07 17:57:06,24.31,70.2,BuildingB_Floor1,TypeC
1040,2025-04-07 03:22:19,29.9,50.22,BuildingA_Floor2,TypeB
1071,2025-04-05 00:17:11,29.79,47.04,BuildingA_Floor2,TypeA
1056,2025-04-05 11:52:24,24.98,43.43,BuildingA_Floor2,TypeB
1082,2025-04-07 14:56:07,20.68,40.41,BuildingA_Floor1,TypeC
1024,2025-04-05 05:37:13,18.81,50.48,BuildingA_Floor1,TypeA
1055,2025-04-07 18:27:15,29.18,58.16,BuildingA_Floor2,TypeC
1007,2025-04-04 05:58:19,16.4,35.04,BuildingB_Floor2,TypeA
1073,2025-04-07 19:16:04,15.24,59.97,BuildingA_Floor2,TypeB
1054,2025-04-05 20:59:29,24.59,36.03,BuildingB_Floor2,TypeA
1010,2025-04-05 21:16:05,18.93,63.34,BuildingA_Floor2,TypeA
1016,2025-04-03 22:00:18,17.33,47.64,BuildingA_Floor1,TypeC
1012,2025-04-04 14:32:07,26.04,51.15,BuildingA_Floor1,TypeB
1074,2025-04-06 15:37:32,16.24,36.19,BuildingA_Floor2,TypeC
1041,2025-04-03 17:44:00,19.66,77.62,BuildingA_Floor2,TypeC
1051,2025-04-04 13:31:48,32.62,64.17,BuildingA_Floor1,TypeB
1082,2025-04-04 22:47:16,17.88,79.69,BuildingA_Floor1,TypeA
1074,2025-04-05 03:00:40,30.46,77.56,BuildingB_Floor2,TypeB
1062,2025-04-06 02:26:46,21.03,31.19,BuildingB_Floor2,TypeB
1029,2025-04-04 03:11:59,16.31,58.04,BuildingA_Floor2,TypeA
1003,2025-04-08 02:46:57,17.07,57.62,BuildingA_Floor1,TypeA
1047,2025-04-07 01:29:59,33.07,78.75,BuildingA_Floor2,TypeC
1008,2025-04-06 14:48:51,31.02,73.15,BuildingA_Floor2,TypeB
1051,2025-04-04 19:36:09,20.86,72.06,BuildingA_Floor1,TypeA
1071,2025-04-06 15:28:37,23.67,52.87,BuildingA_Floor1,TypeC
1063,2025-04-05 22:18:11,26.07,61.62,BuildingB_Floor1,TypeC
1029,2025-04-04 18:00:40,24.75,77.11,BuildingB_Floor2,TypeB
1068,2025-04-03 19:23:24,28.8,61.77,BuildingA_Floor1,TypeC
1025,2025-04-08 08:09:18,33.48,34.63,BuildingA_Floor1,TypeA
1084,2025-04-04 13:56:23,25.99,58.49,BuildingB_Floor2,TypeB
1027,2025-04-07 03:50:17,29.8,74.82,BuildingB_Floor1,TypeA
1009,2025-04-04 05:25:06,32.26,63.21,BuildingB_Floor1,TypeA
1065,2025-04-07 03:39:50,22.44,38.61,BuildingA_Floor1,TypeA
1065,2025-04-04 00:42:15,29.43,75.2,BuildingA_Floor1,TypeA
1071,2025-04-07 08:26:37,31.74,38.82,BuildingB_Floor2,TypeC
1005,2025-04-07 09:45:23,32.15,47.13,BuildingA_Floor1,TypeB
1043,2025-04-04 04:38:36,16.78,41.64,BuildingA_Floor1,TypeC
1012,2025-04-03 22:47:30,18.01,53.6,BuildingB_Floor1,TypeA
1001,2025-04-08 16:17:40,18.13,49.39,BuildingA_Floor1,TypeC
1071,2025-04-04 10:22:36,24.9,45.06,BuildingB_Floor1,TypeB
1072,2025-04-06 12:12:34,25.82,34.13,BuildingB_Floor2,TypeB
1045,2025-04-03 22:42:39,31.42,68.69,BuildingA_Floor2,TypeA
1091,2025-04-07 06:28:34,16.4,36.69,BuildingB_Floor1,TypeA
1035,2025-04-07 14:06:26,17.04,75.05,BuildingB_Floor2,TypeB
1003,2025-04-07 14:21:02,25.35,67.16,BuildingB_Floor1,TypeA
1026,2025-04-05 18:15:23,20.18,62.36,BuildingA_Floor2,TypeA
1085,2025-04-07 20:58:53,27.54,38.88,BuildingA_Floor2,TypeC
1053,2025-04-07 22:46:29,28.58,67.53,BuildingB_Floor2,TypeC
1016,2025-04-07 00:50:04,32.78,76.14,BuildingA_Floor1,TypeB
1076,2025-04-07 22:45:18,34.59,38.39,BuildingA_Floor1,TypeC
1089,2025-04-05 07:43:35,34.47,42.22,BuildingB_Floor2,TypeC
1037,2025-04-04 02:50:37,24.91,63.09,BuildingA_Floor2,TypeB
1047,2025-04-04 05:58:23,21.57,66.46,BuildingA_Floor1,TypeB
1003,2025-04-04 06:36:09,26.6,54.88,BuildingA_Floor1,TypeB
1017,2025-04-08 09:38:20,19.06,64.35,BuildingA_Floor1,TypeA
1080,2025-04-06 03:42:17,24.28,62.87,BuildingA_Floor2,TypeA
1058,2025-04-08 08:10:19,24.32,59.11,BuildingB_Floor2,TypeB
1009,2025-04-05 09:29:15,34.14,51.79,BuildingB_Floor1,TypeA
1086,2025-04-06 04:25:13,25.25,59.04,BuildingA_Floor2,TypeA
1095,2025-04-04 15:48:10,18.04,71.5,BuildingA_Floor2,TypeA
1083,2025-04-06 02:51:58,27.84,52.54,BuildingB_Floor2,TypeB
1090,2025-04-04 13:14:00,27.66,67.76,BuildingB_Floor2,TypeA
1043,2025-04-06 00:27:54,18.24,52.41,BuildingB_Floor2,TypeB
1044,2025-04-06 23:35:38,19.2,53.02,BuildingA_Floor1,TypeA
1074,2025-04-04 22:17:54,17.28,35.5,BuildingA_Floor1,TypeA
1032,2025-04-04 11:40:55,27.93,71.2,BuildingA_Floor2,TypeA
1022,2025-04-07 22:00:57,32.3,77.8,BuildingA_Floor1,TypeB
1040,2025-04-05 06:12:45,19.05,51.62,BuildingB_Floor2,TypeA
1074,2025-04-07 09:58:36,16.75,78.14,BuildingB_Floor1,TypeB
1099,2025-04-04 18:37:30,22.44,47.22,BuildingA_Floor2,TypeA
1097,2025-04-04 11:13:16,22.92,66.55,BuildingA_Floor2,TypeA
1035,2025-04-06 17:00:39,28.48,58.45,BuildingA_Floor2,TypeB
1060,2025-04-05 21:58:34,17.72,75.24,BuildingB_Floor1,TypeB
1017,2025-04-06 02:15:16,26.87,75.71,BuildingA_Floor2,TypeC
1055,2025-04-05 00:03:05,31.28,57.74,BuildingB_Floor2,TypeB
1016,2025-04-04 17:32:47,20.33,30.22,BuildingB_Floor2,TypeB
1014,2025-04-06 06:33:49,20.81,78.5,BuildingA_Floor2,TypeB
1020,2025-04-04 21:36:36,25.74,59.32,BuildingA_Floor1,TypeC
1058,2025-04-05 12:45:45,21.56,49.51,BuildingA_Floor1,TypeB
1064,2025-04-08 07:12:00,16.76,37.44,BuildingA_Floor1,TypeA
1015,2025-04-05 14:13:06,15.14,42.64,BuildingB_Floor2,TypeB
1081,2025-04-07 22:08:24,27.55,65.8,BuildingB_Floor1,TypeA
1082,2025-04-04 01:43:54,20.24,68.78,BuildingA_Floor2,TypeC
1027,2025-04-06 15:45:01,27.04,79.06,BuildingB_Floor2,TypeC
1060,2025-04-07 09:36:51,20.75,79.5,BuildingB_Floor1,TypeB
1090,2025-04-03 23:13:00,20.55,76.66,BuildingA_Floor1,TypeC
1052,2025-04-06 14:53:04,32.67,69.97,BuildingA_Floor2,TypeB
1049,2025-04-08 16:29:32,21.27,78.99,BuildingB_Floor2,TypeB
1094,2025-04-06 10:42:49,19.05,71.52,BuildingB_Floor2,TypeB
1068,2025-04-04 03:47:28,17.12,60.73,BuildingA_Floor1,TypeA
1063,2025-04-06 23:52:10,22.02,52.1,BuildingB_Floor2,TypeA
1092,2025-04-07 23:27:03,17.74,44.39,BuildingB_Floor1,TypeB
1078,2025-04-08 16:22:14,27.44,69.46,BuildingA_Floor1,TypeC
1049,2025-04-03 21:05:30,25.18,35.3,BuildingA_Floor2,TypeA
1086,2025-04-05 17:20:53,25.61,49.04,BuildingB_Floor2,TypeA
1084,2025-04-06 05:33:59,24.6,33.62,BuildingB_Floor1,TypeC
1000,2025-04-04 16:03:13,30.06,60.43,BuildingB_Floor2,TypeA
1077,2025-04-04 23:25:44,20.12,68.58,BuildingA_Floor2,TypeB
1025,2025-04-04 00:21:06,21.99,46.31,BuildingB_Floor2,TypeB
1062,2025-04-07 19:48:05,18.09,36.59,BuildingB_Floor2,TypeC
1031,2025-04-06 11:15:59,26.77,75.44,BuildingA_Floor2,TypeC
1010,2025-04-03 21:14:03,20.81,50.33,BuildingA_Floor2,TypeA
1007,2025-04-08 07:23:48,33.73,58.22,BuildingB_Floor1,TypeC
1059,2025-04-04 02:56:01,25.27,66.92,BuildingB_Floor1,TypeC
1033,2025-04-06 02:04:31,22.83,30.25,BuildingA_Floor1,TypeA
1093,2025-04-06 06:23:00,24.36,76.7,BuildingB_Floor2,TypeC
1045,2025-04-04 23:32:11,15.78,49.64,BuildingB_Floor2,TypeB
1072,2025-04-05 19:40:19,19.91,75.72,BuildingB_Floor2,TypeB
1097,2025-04-04 07:57:15,26.56,75.63,BuildingA_Floor2,TypeC
1077,2025-04-06 05:42:39,19.7,53.74,BuildingA_Floor1,TypeB
1047,2025-04-07 10:13:25,31.68,65.31,BuildingB_Floor1,TypeA
1000,2025-04-07 19:53:57,26.51,45.49,BuildingA_Floor1,TypeA
1052,2025-04-04 13:34:54,24.44,65.93,BuildingB_Floor1,TypeC
1067,2025-04-04 00:21:25,18.31,35.99,BuildingB_Floor1,TypeC
1100,2025-04-05 19:09:12,16.98,38.37,BuildingB_Floor1,TypeC
1067,2025-04-05 06:56:07,32.15,69.18,BuildingA_Floor2,TypeC
1011,2025-04-04 23:42:49,34.82,43.89,BuildingB_Floor2,TypeA
1067,2025-04-07 17:33:29,31.34,40.79,BuildingB_Floor1,TypeC
1034,2025-04-04 02:10:29,16.2,63.83,BuildingA_Floor2,TypeB
1098,2025-04-06 06:01:37,29.44,33.42,BuildingA_Floor2,TypeA
1086,2025-04-04 10:56:31,33.09,73.06,BuildingB_Floor2,TypeA
1065,2025-04-06 14:30:39,33.86,50.55,BuildingA_Floor1,TypeA
1096,2025-04-05 20:27:49,20.75,45.87,BuildingB_Floor1,TypeB
1098,2025-04-04 12:09:30,25.99,47.03,BuildingB_Floor2,TypeB
1057,2025-04-08 14:52:29,26.71,67.88,BuildingA_Floor2,TypeC
1054,2025-04-07 01:39:33,17.69,30.39,BuildingB_Floor1,TypeB
1059,2025-04-04 06:59:20,30.7,73.6,BuildingB_Floor1,TypeA
1059,2025-04-05 23:00:22,20.12,65.75,BuildingA_Floor2,TypeB
1052,2025-04-08 04:11:28,17.6,67.78,BuildingB_Floor2,TypeA
1041,2025-04-06 19:49:29,32.3,30.81,BuildingB_Floor1,TypeA
1087,2025-04-04 11:00:57,20.58,75.62,BuildingB_Floor1,TypeA
1082,2025-04-06 02:24:40,31.49,35.66,BuildingB_Floor2,TypeA
1064,2025-04-06 02:13:00,32.31,39.67,BuildingB_Floor2,TypeA
1079,2025-04-04 08:41:35,31.04,33.34,BuildingA_Floor2,TypeC
1062,2025-04-05 22:36:30,20.74,70.0,BuildingB_Floor2,TypeA
1081,2025-04-07 04:15:58,22.36,47.42,BuildingA_Floor1,TypeA
1057,2025-04-06 00:10:03,23.59,42.37,BuildingB_Floor2,TypeC
1085,2025-04-08 02:25:25,29.61,51.65,BuildingB_Floor1,TypeC
1016,2025-04-07 00:19:02,31.47,51.95,BuildingA_Floor1,TypeA
1086,2025-04-08 06:41:08,17.3,43.04,BuildingB_Floor1,TypeA
1038,2025-04-06 23:11:51,23.24,72.17,BuildingB_Floor1,TypeA
1079,2025-04-08 10:01:19,21.31,75.81,BuildingB_Floor1,TypeC
1078,2025-04-07 21:02:32,26.61,65.04,BuildingB_Floor1,TypeC
1045,2025-04-04 21:21:34,16.66,54.74,BuildingB_Floor2,TypeB
1100,2025-04-06 13:07:42,20.81,45.28,BuildingB_Floor1,TypeB
1037,2025-04-06 22:04:06,16.06,40.45,BuildingA_Floor2,TypeA
1093,2025-04-07 03:57:55,22.75,34.38,BuildingB_Floor2,TypeB
1013,2025-04-04 00:01:10,32.43,71.81,BuildingA_Floor1,TypeB
1069,2025-04-04 16:50:11,15.95,38.77,BuildingA_Floor2,TypeC
1073,2025-04-06 00:20:35,32.85,42.27,BuildingB_Floor2,TypeA
1098,2025-04-07 08:21:11,24.95,34.52,BuildingA_Floor2,TypeC
1030,2025-04-05 21:29:47,24.1,43.31,BuildingB_Floor2,TypeA
1084,2025-04-04 20:33:43,19.66,55.03,BuildingA_Floor2,TypeA
1076,2025-04-08 12:06:04,20.91,60.18,BuildingB_Floor1,TypeB
1040,2025-04-05 08:29:40,34.53,44.24,BuildingB_Floor2,TypeB
1047,2025-04-03 22:20:22,19.63,61.97,BuildingB_Floor2,TypeB
1071,2025-04-03 23:21:07,15.08,51.28,BuildingB_Floor2,TypeA
1081,2025-04-06 10:29:04,32.87,40.65,BuildingB_Floor1,TypeB
1037,2025-04-05 23:03:47,32.71,74.6,BuildingB_Floor1,TypeC
1029,2025-04-06 08:38:11,27.63,32.23,BuildingB_Floor1,TypeA
1047,2025-04-07 21:56:20,32.3,73.98,BuildingA_Floor2,TypeC
1065,2025-04-08 13:41:55,26.35,73.52,BuildingA_Floor1,TypeB
1063,2025-04-07 16:53:47,15.28,57.91,BuildingB_Floor1,TypeA
1063,2025-04-06 07:57:21,30.54,63.69,BuildingA_Floor2,TypeB
1025,2025-04-06 10:31:40,31.18,43.68,BuildingB_Floor1,TypeB
1004,2025-04-07 11:01:14,16.58,37.27,BuildingA_Floor2,TypeC
1079,2025-04-07 12:53:03,31.64,56.89,BuildingA_Floor2,TypeC
1076,2025-04-07 22:54:56,16.35,45.8,BuildingA_Floor2,TypeC
1068,2025-04-05 04:47:32,31.49,65.59,BuildingA_Floor1,TypeC
1076,2025-04-07 22:17:49,25.1,78.2,BuildingB_Floor2,TypeC
1064,2025-04-04 06:22:53,18.71,70.61,BuildingA_Floor2,TypeB
1064,2025-04-08 04:09:03,15.71,35.24,BuildingA_Floor2,TypeB
1038,2025-04-07 14:05:37,33.51,56.17,BuildingB_Floor1,TypeA
1015,2025-04-07 06:29:16,27.36,46.4,BuildingB_Floor1,TypeB
1024,2025-04-07 05:38:37,29.35,50.25,BuildingB_Floor2,TypeA
1077,2025-04-08 01:55:24,30.93,57.61,BuildingB_Floor2,TypeB
